1,11,"[7, 4, 8, 7, 8, 12, 12, 10, 13, 16, 16]"
2,9,"[16, 8, 9, 11, 12, 16, 22, 5, 17]"
3,10,"[12, 10, 9, 9, 6, 20, 21, 0, 6, 22]"
4,10,"[8, 14, 15, 7, 5, 15, 15, 14, 12, 10]"
5,8,"[12, 20, 10, 32, 11, 9, 12, 11]"
6,10,"[9, 14, 12, 10, 18, 17, 10, 5, 11, 9]"
7,10,"[15, 8, 10, 9, 18, 16, 15, 6, 4, 14]"
8,10,"[11, 9, 10, 17, 10, 7, 21, 17, 4, 9]"
9,9,"[9, 13, 12, 13, 18, 14, 9, 17, 11]"
10,10,"[18, 17, 16, 11, 14, 10, 5, 11, 4, 9]"
11,7,"[16, 29, 16, 14, 23, 9, 11]"
12,8,"[13, 22, 12, 23, 19, 9, 8, 11]"
13,8,"[14, 26, 21, 18, 8, 5, 9, 16]"
14,8,"[24, 13, 22, 22, 11, 12, 3, 10]"
15,8,"[18, 21, 23, 13, 5, 5, 24, 8]"
16,9,"[19, 14, 20, 13, 16, 6, 8, 9, 11]"
17,9,"[20, 23, 16, 11, 7, 10, 7, 9, 13]"
18,8,"[27, 17, 8, 13, 14, 10, 20, 8]"
19,8,"[25, 22, 19, 12, 11, 15, 6, 7]"
20,9,"[23, 19, 6, 10, 15, 14, 9, 9, 11]"
21,9,"[24, 8, 15, 13, 11, 9, 13, 14, 9]"
22,10,"[17, 11, 16, 2, 17, 16, 11, 14, 11, 0]"
23,8,"[20, 14, 6, 10, 15, 21, 14, 17]"
24,8,"[40, 11, 17, 9, 6, 9, 19, 6]"
25,8,"[12, 20, 11, 31, 8, 10, 15, 10]"
26,9,"[14, 15, 11, 20, 17, 15, 10, 14, 0]"
27,9,"[14, 22, 19, 8, 12, 9, 8, 15, 9]"
28,8,"[14, 17, 16, 33, 10, 11, 8, 7]"
29,9,"[18, 23, 17, 5, 8, 8, 15, 18, 4]"
30,8,"[20, 14, 10, 7, 34, 4, 15, 12]"
31,9,"[16, 9, 10, 8, 19, 7, 14, 21, 12]"
32,10,"[10, 19, 7, 11, 13, 5, 18, 11, 12, 9]"
33,9,"[19, 11, 7, 12, 14, 11, 17, 12, 13]"
34,8,"[16, 11, 37, 8, 21, 8, 12, 2]"
35,7,"[16, 22, 26, 8, 19, 13, 14]"
36,7,"[7, 24, 22, 13, 7, 32, 13]"
37,6,"[24, 31, 10, 18, 25, 10]"
38,7,"[18, 23, 12, 8, 14, 31, 12]"
39,8,"[20, 23, 11, 11, 19, 5, 16, 12]"
40,10,"[21, 11, 13, 11, 18, 12, 2, 8, 10, 9]"
41,9,"[9, 19, 8, 12, 5, 19, 10, 19, 14]"
42,7,"[17, 11, 27, 13, 22, 11, 16]"
43,8,"[27, 8, 8, 17, 15, 10, 5, 26]"
44,8,"[18, 22, 14, 14, 20, 4, 10, 15]"
45,8,"[12, 13, 17, 22, 15, 11, 19, 8]"
46,8,"[16, 18, 16, 14, 12, 21, 12, 8]"
47,9,"[5, 14, 25, 16, 14, 10, 16, 9, 7]"
48,8,"[16, 12, 11, 24, 10, 14, 22, 8]"
49,8,"[15, 12, 7, 25, 16, 15, 16, 11]"
50,8,"[10, 21, 16, 17, 21, 13, 11, 8]"
51,8,"[9, 10, 14, 24, 22, 16, 10, 12]"
52,9,"[9, 13, 17, 27, 7, 2, 19, 9, 13]"
53,7,"[5, 28, 16, 20, 11, 25, 12]"
54,8,"[12, 16, 13, 9, 20, 18, 13, 16]"
55,8,"[19, 16, 11, 18, 15, 16, 13, 9]"
56,7,"[16, 12, 23, 12, 20, 15, 20]"
57,9,"[20, 16, 11, 19, 9, 5, 17, 12, 7]"
58,9,"[27, 9, 6, 15, 16, 10, 8, 8, 17]"
1,11,"[9, 12, 7, 8, 6, 17, 7, 10, 13, 12, 12]"
2,8,"[8, 24, 16, 10, 18, 20, 15, 5]"
3,9,"[15, 11, 16, 2, 13, 8, 17, 19, 15]"
4,8,"[11, 10, 13, 14, 27, 13, 17, 12]"
5,9,"[17, 7, 17, 13, 12, 15, 14, 14, 7]"
6,11,"[7, 20, 15, 16, 0, 4, 10, 13, 12, 13, 4]"
7,8,"[15, 12, 14, 11, 22, 21, 14, 8]"
8,7,"[16, 14, 20, 11, 15, 20, 22]"
9,7,"[18, 24, 12, 18, 21, 17, 8]"
10,8,"[21, 10, 14, 16, 22, 15, 12, 7]"
11,8,"[14, 16, 15, 20, 23, 11, 10, 8]"
12,10,"[10, 16, 20, 15, 5, 14, 13, 5, 14, 3]"
13,8,"[19, 17, 19, 27, 17, 3, 9, 6]"
14,7,"[14, 19, 16, 18, 24, 19, 8]"
15,7,"[17, 21, 26, 19, 17, 14, 4]"
16,8,"[20, 23, 16, 13, 13, 11, 11, 10]"
17,9,"[13, 25, 16, 10, 3, 15, 15, 11, 8]"
18,7,"[29, 23, 21, 15, 10, 20, 0]"
19,10,"[11, 12, 8, 10, 14, 6, 15, 16, 11, 12]"
20,9,"[21, 12, 10, 13, 16, 3, 15, 14, 12]"
21,8,"[20, 12, 15, 18, 14, 5, 18, 15]"
22,8,"[13, 14, 15, 10, 18, 12, 17, 18]"
23,8,"[22, 15, 14, 14, 14, 8, 16, 14]"
24,8,"[11, 7, 15, 17, 15, 17, 21, 14]"
25,8,"[11, 7, 19, 19, 22, 19, 11, 9]"
26,9,"[16, 18, 16, 8, 15, 14, 18, 11, 0]"
27,8,"[16, 12, 22, 10, 12, 22, 15, 8]"
28,7,"[19, 18, 21, 14, 14, 16, 16]"
29,7,"[22, 16, 6, 21, 20, 23, 10]"
30,8,"[16, 16, 15, 23, 7, 16, 15, 9]"
31,7,"[22, 18, 17, 15, 14, 15, 17]"
32,9,"[20, 14, 25, 11, 5, 11, 11, 7, 12]"
33,8,"[22, 15, 24, 16, 4, 10, 15, 11]"
34,8,"[23, 20, 13, 23, 7, 11, 13, 7]"
35,10,"[4, 8, 21, 13, 15, 4, 16, 19, 15, 0]"
36,6,"[31, 16, 19, 17, 18, 18]"
37,8,"[19, 18, 16, 12, 12, 15, 15, 10]"
38,8,"[12, 23, 11, 14, 16, 12, 16, 13]"
39,9,"[22, 6, 14, 14, 12, 13, 10, 14, 11]"
40,7,"[11, 22, 17, 19, 19, 13, 17]"
41,7,"[26, 16, 9, 23, 14, 12, 18]"
42,7,"[16, 19, 22, 5, 15, 28, 13]"
43,7,"[14, 13, 20, 18, 20, 15, 18]"
44,7,"[28, 19, 9, 16, 17, 14, 15]"
45,8,"[12, 19, 11, 18, 16, 14, 15, 12]"
46,8,"[27, 20, 3, 15, 21, 9, 14, 8]"
47,8,"[16, 18, 23, 18, 9, 14, 10, 9]"
48,8,"[5, 19, 18, 15, 16, 15, 19, 10]"
49,7,"[26, 6, 20, 19, 15, 16, 16]"
50,8,"[20, 12, 24, 12, 9, 14, 11, 15]"
51,6,"[17, 16, 25, 7, 22, 32]"
52,7,"[16, 18, 22, 11, 5, 22, 24]"
53,8,"[20, 18, 3, 13, 11, 17, 20, 15]"
54,7,"[18, 18, 25, 7, 20, 18, 12]"
55,7,"[17, 16, 21, 20, 13, 18, 12]"
56,7,"[20, 9, 20, 14, 21, 18, 16]"
57,6,"[30, 9, 16, 23, 25, 15]"
58,7,"[20, 18, 20, 11, 17, 21, 11]"
59,8,"[5, 24, 14, 13, 15, 16, 15, 15]"
60,7,"[22, 25, 18, 12, 15, 14, 12]"
61,7,"[9, 28, 14, 20, 19, 14, 14]"
62,6,"[14, 14, 27, 23, 26, 15]"
63,8,"[13, 13, 16, 15, 21, 12, 13, 13]"
64,6,"[28, 13, 27, 8, 19, 24]"
65,7,"[21, 22, 18, 13, 3, 25, 16]"
66,8,"[15, 23, 12, 11, 15, 11, 17, 13]"
67,6,"[9, 21, 24, 16, 32, 17]"
1,11,"[5, 4, 5, 10, 10, 13, 4, 8, 17, 22, 16]"
2,11,"[6, 9, 10, 9, 4, 17, 11, 14, 13, 17, 4]"
3,8,"[12, 7, 9, 12, 18, 21, 31, 6]"
4,10,"[21, 5, 12, 10, 12, 14, 7, 27, 7, 0]"
5,9,"[11, 15, 25, 6, 10, 22, 10, 6, 11]"
6,10,"[4, 6, 4, 18, 8, 8, 9, 18, 20, 20]"
7,8,"[17, 11, 18, 16, 21, 9, 19, 6]"
8,7,"[23, 8, 23, 28, 21, 8, 7]"
9,8,"[17, 15, 20, 21, 13, 17, 7, 7]"
10,7,"[22, 16, 11, 12, 16, 20, 21]"
11,7,"[21, 26, 26, 19, 8, 5, 13]"
12,8,"[19, 12, 20, 19, 29, 5, 5, 8]"
13,9,"[24, 20, 18, 13, 8, 5, 9, 7, 12]"
14,9,"[18, 17, 21, 16, 8, 7, 5, 15, 9]"
15,8,"[20, 29, 5, 29, 10, 5, 5, 14]"
16,9,"[11, 20, 15, 17, 23, 10, 5, 4, 11]"
17,9,"[21, 23, 19, 11, 11, 7, 8, 5, 11]"
18,8,"[22, 16, 31, 7, 10, 15, 5, 11]"
19,9,"[20, 27, 13, 11, 6, 9, 7, 10, 13]"
20,9,"[22, 19, 14, 13, 6, 6, 10, 15, 11]"
21,9,"[16, 18, 11, 12, 5, 16, 15, 11, 12]"
22,8,"[20, 17, 24, 8, 11, 11, 15, 11]"
23,8,"[31, 12, 14, 6, 25, 4, 20, 5]"
24,9,"[31, 8, 5, 8, 5, 14, 16, 17, 12]"
25,9,"[12, 18, 4, 10, 21, 6, 17, 18, 10]"
26,10,"[12, 14, 4, 12, 5, 4, 16, 22, 17, 9]"
27,10,"[22, 16, 5, 16, 11, 12, 5, 8, 11, 9]"
28,8,"[19, 8, 22, 16, 10, 20, 17, 5]"
29,10,"[9, 11, 4, 7, 20, 18, 13, 16, 10, 7]"
30,8,"[9, 7, 22, 21, 6, 20, 18, 14]"
31,8,"[23, 10, 6, 24, 16, 16, 10, 12]"
32,8,"[9, 21, 9, 17, 18, 8, 16, 19]"
33,7,"[9, 21, 11, 9, 24, 20, 24]"
34,8,"[6, 21, 16, 20, 15, 16, 13, 10]"
35,7,"[31, 20, 10, 13, 15, 18, 11]"
36,9,"[19, 21, 16, 10, 9, 6, 17, 10, 8]"
37,8,"[8, 19, 6, 15, 26, 9, 18, 16]"
38,9,"[21, 12, 15, 8, 7, 6, 21, 6, 20]"
39,7,"[6, 31, 15, 10, 14, 23, 19]"
40,8,"[18, 27, 5, 8, 21, 11, 9, 18]"
41,8,"[20, 18, 6, 19, 6, 11, 25, 12]"
42,9,"[17, 28, 5, 14, 5, 6, 15, 16, 10]"
43,9,"[22, 24, 6, 7, 6, 15, 8, 18, 10]"
44,8,"[17, 9, 19, 13, 23, 17, 7, 12]"
45,8,"[25, 10, 5, 9, 27, 12, 13, 16]"
46,9,"[4, 18, 28, 7, 17, 6, 15, 11, 10]"
47,7,"[7, 11, 28, 28, 6, 24, 14]"
48,7,"[20, 8, 7, 24, 9, 24, 26]"
49,9,"[10, 23, 7, 16, 10, 15, 15, 12, 8]"
50,9,"[17, 20, 5, 10, 16, 17, 9, 10, 12]"
51,10,"[15, 21, 5, 7, 17, 11, 9, 11, 12, 7]"
52,7,"[8, 8, 33, 13, 21, 20, 15]"
53,8,"[25, 5, 9, 5, 28, 18, 14, 13]"
54,6,"[34, 18, 24, 14, 12, 17]"
55,8,"[22, 0, 17, 8, 18, 18, 26, 8]"
56,7,"[21, 19, 27, 5, 28, 7, 11]"
57,7,"[9, 9, 21, 28, 4, 29, 18]"
58,9,"[8, 27, 4, 16, 0, 15, 12, 17, 17]"
59,8,"[7, 6, 26, 19, 11, 21, 10, 17]"
60,10,"[7, 6, 18, 4, 29, 12, 18, 0, 10, 11]"
61,7,"[23, 14, 4, 17, 27, 19, 14]"
62,9,"[18, 19, 13, 6, 7, 23, 4, 13, 13]"
63,7,"[17, 8, 29, 18, 21, 11, 14]"
64,9,"[10, 8, 4, 6, 19, 20, 24, 12, 13]"
65,7,"[20, 13, 8, 26, 7, 25, 19]"
1,11,"[7, 12, 9, 4, 5, 8, 8, 11, 17, 12, 19]"
2,10,"[18, 9, 9, 12, 14, 14, 19, 8, 12, 0]"
3,7,"[17, 19, 16, 14, 26, 12, 14]"
4,9,"[16, 12, 11, 15, 27, 12, 7, 0, 16]"
5,9,"[16, 12, 6, 14, 13, 17, 9, 10, 19]"
6,9,"[8, 17, 17, 19, 8, 13, 9, 18, 7]"
7,8,"[13, 9, 12, 11, 13, 15, 19, 24]"
8,7,"[16, 22, 11, 18, 19, 16, 16]"
9,9,"[11, 14, 15, 7, 9, 15, 20, 11, 14]"
10,9,"[15, 22, 13, 10, 13, 24, 6, 7, 6]"
11,8,"[14, 17, 14, 18, 12, 20, 7, 15]"
12,8,"[14, 10, 15, 19, 20, 23, 9, 7]"
13,7,"[23, 21, 16, 19, 20, 9, 10]"
14,9,"[13, 20, 18, 13, 11, 15, 13, 6, 7]"
15,10,"[13, 16, 10, 19, 8, 12, 11, 13, 8, 5]"
16,9,"[19, 15, 9, 10, 11, 17, 16, 7, 12]"
17,10,"[12, 14, 25, 9, 11, 8, 9, 8, 9, 10]"
18,8,"[20, 14, 17, 15, 14, 20, 11, 6]"
19,10,"[17, 12, 14, 13, 7, 13, 12, 8, 13, 6]"
20,8,"[32, 13, 19, 15, 13, 9, 8, 8]"
21,10,"[12, 22, 8, 15, 18, 8, 8, 13, 11, 0]"
22,8,"[23, 18, 17, 11, 19, 10, 13, 6]"
23,6,"[30, 12, 18, 11, 28, 20]"
24,8,"[11, 21, 10, 11, 10, 16, 23, 14]"
25,9,"[24, 14, 11, 10, 20, 13, 10, 7, 7]"
26,8,"[20, 17, 17, 17, 8, 14, 17, 7]"
27,9,"[10, 10, 16, 13, 7, 14, 20, 15, 11]"
28,8,"[16, 15, 11, 20, 15, 17, 9, 14]"
29,8,"[11, 22, 17, 14, 17, 11, 17, 8]"
30,8,"[15, 24, 14, 17, 13, 11, 13, 10]"
31,8,"[11, 20, 10, 9, 15, 16, 21, 15]"
32,8,"[9, 17, 17, 15, 23, 9, 18, 9]"
33,8,"[26, 14, 11, 15, 7, 10, 20, 13]"
34,8,"[20, 22, 19, 10, 18, 0, 15, 13]"
35,9,"[8, 12, 18, 14, 17, 12, 14, 8, 13]"
36,8,"[17, 19, 13, 17, 14, 19, 7, 11]"
37,8,"[15, 13, 17, 17, 6, 20, 21, 8]"
38,7,"[30, 12, 27, 12, 15, 11, 11]"
39,8,"[17, 8, 22, 24, 15, 11, 11, 9]"
40,8,"[22, 15, 16, 15, 12, 13, 13, 11]"
41,7,"[21, 15, 17, 18, 20, 20, 7]"
42,8,"[19, 11, 16, 13, 13, 15, 19, 11]"
43,6,"[27, 19, 20, 18, 17, 17]"
44,9,"[12, 27, 12, 7, 11, 11, 12, 13, 10]"
45,9,"[25, 15, 11, 16, 8, 10, 16, 10, 5]"
46,7,"[19, 16, 18, 14, 24, 17, 10]"
47,8,"[17, 11, 20, 7, 24, 14, 15, 9]"
48,7,"[21, 8, 17, 20, 13, 24, 15]"
49,7,"[18, 26, 21, 10, 12, 14, 16]"
50,8,"[28, 17, 11, 7, 15, 20, 10, 9]"
51,6,"[12, 31, 25, 16, 19, 16]"
52,8,"[30, 8, 11, 12, 9, 13, 20, 14]"
53,9,"[18, 15, 20, 0, 14, 18, 11, 12, 8]"
54,7,"[22, 17, 16, 21, 15, 17, 10]"
55,7,"[16, 18, 28, 14, 22, 12, 8]"
56,8,"[11, 23, 16, 12, 13, 11, 12, 19]"
57,7,"[19, 10, 14, 25, 14, 18, 18]"
58,6,"[47, 21, 14, 20, 12, 5]"
59,8,"[11, 8, 12, 10, 8, 27, 30, 11]"
60,8,"[11, 11, 25, 10, 16, 16, 20, 8]"
61,8,"[12, 19, 22, 14, 12, 9, 16, 12]"
62,7,"[37, 16, 12, 24, 10, 13, 6]"
63,7,"[26, 30, 11, 13, 17, 13, 8]"
64,8,"[18, 26, 18, 20, 8, 10, 10, 7]"
1,11,"[4, 8, 5, 9, 10, 12, 4, 11, 13, 23, 15]"
2,9,"[4, 12, 9, 14, 18, 20, 3, 25, 11]"
3,10,"[6, 12, 15, 11, 10, 24, 7, 19, 7, 4]"
4,10,"[15, 10, 6, 24, 13, 10, 6, 17, 9, 5]"
5,8,"[12, 21, 9, 12, 17, 9, 16, 21]"
6,8,"[16, 27, 10, 23, 13, 14, 5, 9]"
7,6,"[23, 14, 33, 13, 19, 17]"
8,9,"[9, 13, 12, 15, 12, 20, 12, 18, 5]"
9,8,"[13, 14, 15, 23, 22, 13, 14, 3]"
10,9,"[5, 10, 23, 16, 21, 14, 14, 7, 6]"
11,8,"[24, 14, 15, 19, 20, 15, 6, 4]"
12,7,"[15, 18, 19, 19, 24, 11, 11]"
13,6,"[20, 27, 27, 18, 15, 12]"
14,9,"[13, 15, 13, 11, 20, 13, 11, 4, 16]"
15,9,"[17, 14, 17, 21, 7, 10, 6, 10, 14]"
16,7,"[29, 10, 22, 32, 4, 15, 6]"
17,8,"[21, 18, 20, 10, 4, 19, 5, 19]"
18,8,"[10, 19, 20, 20, 9, 13, 8, 18]"
19,6,"[35, 13, 17, 28, 20, 5]"
20,9,"[18, 11, 25, 9, 13, 9, 16, 10, 5]"
21,9,"[20, 22, 4, 14, 19, 7, 14, 12, 4]"
22,7,"[22, 27, 16, 13, 6, 12, 21]"
23,8,"[17, 22, 6, 10, 20, 18, 12, 12]"
24,8,"[25, 13, 17, 19, 8, 22, 7, 6]"
25,7,"[12, 13, 14, 15, 19, 28, 16]"
26,9,"[11, 10, 18, 17, 14, 9, 21, 3, 13]"
27,9,"[22, 10, 20, 13, 3, 8, 13, 14, 13]"
28,7,"[25, 12, 23, 13, 21, 12, 12]"
29,8,"[25, 22, 10, 18, 19, 6, 8, 9]"
30,9,"[22, 4, 17, 19, 15, 11, 18, 7, 3]"
31,8,"[19, 18, 16, 5, 19, 16, 11, 13]"
32,7,"[22, 16, 19, 13, 14, 20, 14]"
33,9,"[12, 5, 13, 22, 22, 23, 5, 9, 5]"
34,9,"[8, 11, 19, 16, 26, 6, 20, 2, 8]"
35,7,"[29, 25, 22, 16, 5, 15, 6]"
36,6,"[25, 14, 12, 17, 25, 25]"
37,8,"[19, 19, 7, 17, 24, 9, 14, 8]"
38,6,"[13, 21, 23, 33, 18, 10]"
39,9,"[17, 19, 8, 30, 5, 6, 6, 18, 6]"
40,7,"[16, 27, 10, 22, 10, 19, 14]"
41,8,"[25, 13, 8, 13, 14, 13, 12, 19]"
42,8,"[19, 8, 8, 12, 13, 22, 15, 20]"
43,9,"[4, 20, 19, 14, 13, 15, 16, 11, 4]"
44,7,"[12, 32, 19, 19, 9, 17, 10]"
45,7,"[15, 30, 28, 17, 6, 12, 9]"
46,7,"[13, 29, 13, 11, 20, 20, 12]"
47,8,"[8, 8, 24, 17, 18, 17, 18, 7]"
48,7,"[16, 22, 18, 21, 9, 12, 19]"
49,7,"[15, 7, 24, 19, 17, 13, 23]"
50,8,"[5, 16, 14, 7, 23, 19, 17, 16]"
51,8,"[16, 6, 11, 27, 25, 15, 14, 3]"
52,9,"[9, 17, 11, 13, 11, 25, 20, 5, 5]"
53,8,"[7, 19, 11, 17, 24, 17, 8, 14]"
54,6,"[34, 20, 20, 20, 11, 13]"
55,8,"[7, 17, 22, 18, 11, 11, 9, 22]"
56,9,"[15, 20, 5, 5, 8, 19, 6, 14, 23]"
57,7,"[31, 6, 23, 23, 19, 13, 3]"
58,8,"[21, 7, 8, 17, 21, 9, 21, 13]"
59,10,"[5, 14, 12, 19, 4, 13, 11, 18, 13, 6]"
60,8,"[4, 25, 15, 12, 18, 17, 8, 18]"
61,8,"[13, 24, 12, 11, 17, 14, 10, 16]"
62,6,"[18, 26, 23, 5, 24, 23]"
63,7,"[17, 12, 25, 18, 25, 14, 6]"
1,11,"[4, 9, 8, 4, 12, 6, 6, 9, 17, 15, 23]"
2,9,"[10, 7, 14, 10, 4, 24, 17, 17, 13]"
3,8,"[6, 14, 22, 23, 9, 17, 19, 7]"
4,8,"[9, 11, 18, 5, 21, 17, 19, 17]"
5,10,"[11, 8, 15, 6, 12, 12, 5, 18, 14, 14]"
6,10,"[7, 12, 8, 22, 18, 8, 10, 14, 8, 8]"
7,8,"[16, 18, 10, 9, 16, 23, 16, 9]"
8,7,"[7, 20, 9, 15, 24, 21, 22]"
9,8,"[6, 14, 18, 12, 21, 25, 12, 9]"
10,7,"[15, 18, 31, 14, 17, 14, 9]"
11,10,"[15, 11, 13, 23, 4, 14, 10, 6, 13, 6]"
12,8,"[15, 20, 11, 14, 17, 23, 9, 8]"
13,9,"[17, 12, 23, 21, 16, 6, 0, 12, 9]"
14,10,"[20, 22, 17, 5, 5, 0, 13, 12, 9, 12]"
15,8,"[17, 25, 17, 26, 6, 10, 11, 5]"
16,8,"[23, 15, 26, 6, 12, 19, 10, 6]"
17,8,"[10, 26, 17, 19, 8, 9, 18, 10]"
18,8,"[17, 32, 22, 9, 11, 8, 9, 9]"
19,10,"[13, 23, 19, 6, 9, 12, 14, 7, 7, 5]"
20,9,"[24, 15, 21, 6, 10, 9, 15, 7, 8]"
21,9,"[26, 28, 6, 12, 22, 0, 9, 6, 7]"
22,8,"[26, 21, 16, 8, 13, 14, 12, 7]"
23,9,"[10, 9, 13, 18, 12, 17, 20, 7, 10]"
24,7,"[23, 22, 16, 19, 15, 15, 8]"
25,8,"[27, 10, 16, 20, 9, 10, 17, 8]"
26,8,"[22, 7, 17, 14, 29, 11, 11, 6]"
27,8,"[26, 17, 11, 18, 7, 9, 15, 14]"
28,6,"[24, 25, 15, 16, 16, 23]"
29,8,"[5, 13, 24, 21, 21, 8, 20, 5]"
30,7,"[33, 10, 7, 16, 20, 19, 13]"
31,10,"[6, 22, 18, 0, 16, 19, 7, 6, 9, 12]"
32,7,"[26, 16, 15, 10, 16, 24, 10]"
33,10,"[17, 8, 5, 18, 11, 22, 4, 15, 6, 9]"
34,6,"[23, 33, 30, 18, 9, 6]"
35,8,"[5, 18, 19, 10, 20, 20, 15, 10]"
36,8,"[32, 12, 16, 14, 17, 12, 8, 6]"
37,8,"[20, 4, 15, 27, 18, 16, 8, 9]"
38,9,"[22, 4, 26, 6, 16, 8, 17, 11, 6]"
39,7,"[30, 20, 20, 8, 20, 8, 12]"
40,7,"[17, 17, 18, 10, 21, 16, 19]"
41,7,"[18, 20, 14, 9, 27, 7, 22]"
42,6,"[20, 35, 22, 18, 16, 8]"
43,8,"[16, 25, 7, 10, 21, 13, 17, 8]"
44,9,"[18, 8, 11, 13, 10, 29, 13, 10, 4]"
45,8,"[12, 18, 17, 22, 15, 13, 7, 13]"
46,9,"[29, 7, 14, 20, 9, 11, 11, 7, 8]"
47,7,"[19, 24, 26, 12, 15, 12, 10]"
48,7,"[16, 26, 19, 17, 14, 17, 9]"
49,7,"[18, 29, 7, 18, 22, 10, 14]"
50,7,"[24, 28, 9, 18, 21, 8, 10]"
51,8,"[19, 3, 16, 14, 30, 5, 15, 15]"
52,8,"[21, 21, 10, 19, 20, 12, 9, 5]"
53,8,"[16, 15, 6, 20, 19, 17, 15, 9]"
54,8,"[35, 11, 16, 6, 6, 23, 13, 7]"
55,8,"[20, 11, 9, 13, 18, 7, 16, 22]"
56,8,"[22, 23, 16, 16, 7, 11, 13, 9]"
57,7,"[30, 9, 29, 19, 10, 9, 11]"
58,7,"[25, 25, 22, 21, 13, 8, 4]"
59,8,"[23, 7, 7, 28, 19, 17, 11, 5]"
60,7,"[23, 7, 28, 25, 9, 16, 10]"
61,8,"[11, 16, 4, 22, 24, 9, 17, 14]"
1,11,"[5, 5, 3, 9, 5, 16, 9, 2, 10, 24, 25]"
2,9,"[7, 9, 10, 16, 12, 23, 10, 16, 13]"
3,10,"[10, 21, 18, 6, 9, 10, 11, 13, 0, 17]"
4,7,"[13, 19, 18, 12, 21, 10, 25]"
5,10,"[15, 10, 23, 11, 9, 20, 10, 4, 10, 3]"
6,9,"[9, 7, 17, 25, 11, 10, 22, 4, 11]"
7,7,"[8, 18, 10, 14, 23, 29, 16]"
8,9,"[12, 20, 6, 21, 11, 22, 7, 5, 12]"
9,8,"[23, 10, 11, 11, 18, 25, 10, 9]"
10,7,"[12, 24, 15, 16, 17, 23, 11]"
11,7,"[9, 23, 25, 28, 9, 12, 12]"
12,8,"[23, 14, 11, 23, 18, 13, 9, 6]"
13,10,"[12, 19, 21, 14, 4, 10, 10, 13, 3, 9]"
14,9,"[28, 14, 15, 12, 4, 14, 17, 9, 3]"
15,7,"[28, 18, 17, 23, 7, 14, 11]"
16,8,"[16, 15, 17, 24, 13, 10, 13, 9]"
17,8,"[26, 22, 19, 12, 8, 4, 11, 15]"
18,8,"[21, 27, 10, 19, 8, 11, 10, 11]"
19,9,"[23, 20, 12, 12, 10, 18, 6, 12, 3]"
20,9,"[28, 20, 4, 10, 8, 13, 13, 17, 3]"
21,7,"[37, 21, 6, 10, 20, 19, 4]"
22,8,"[18, 7, 11, 5, 8, 29, 18, 21]"
23,8,"[25, 29, 15, 10, 15, 8, 10, 4]"
24,8,"[22, 29, 17, 14, 14, 9, 5, 7]"
25,6,"[28, 17, 21, 20, 20, 12]"
26,7,"[28, 27, 16, 11, 17, 9, 9]"
27,9,"[16, 8, 15, 7, 18, 17, 20, 9, 6]"
28,8,"[24, 7, 18, 10, 26, 16, 8, 8]"
29,8,"[18, 18, 11, 19, 11, 25, 12, 2]"
30,9,"[20, 9, 25, 9, 3, 17, 14, 13, 6]"
31,7,"[15, 23, 20, 28, 13, 5, 14]"
32,8,"[15, 11, 23, 7, 17, 28, 11, 5]"
33,9,"[7, 12, 10, 13, 11, 15, 18, 17, 13]"
34,10,"[15, 3, 20, 15, 10, 22, 7, 8, 9, 6]"
35,7,"[19, 13, 11, 21, 29, 16, 9]"
36,8,"[11, 13, 30, 15, 14, 17, 6, 11]"
37,9,"[23, 7, 6, 9, 13, 22, 13, 16, 7]"
38,8,"[19, 13, 14, 28, 15, 14, 5, 9]"
39,9,"[20, 6, 25, 13, 14, 17, 3, 15, 3]"
40,6,"[30, 20, 31, 8, 12, 17]"
41,9,"[4, 21, 14, 6, 13, 18, 19, 15, 6]"
42,7,"[23, 29, 17, 16, 5, 18, 9]"
43,8,"[26, 26, 7, 12, 10, 20, 2, 14]"
44,8,"[21, 23, 19, 8, 19, 0, 5, 22]"
45,8,"[20, 7, 13, 17, 30, 8, 7, 15]"
46,7,"[28, 17, 12, 14, 29, 7, 10]"
47,7,"[20, 23, 10, 19, 8, 22, 16]"
48,6,"[26, 21, 31, 9, 13, 18]"
49,10,"[8, 12, 16, 14, 23, 15, 2, 8, 12, 5]"
50,8,"[13, 17, 12, 5, 22, 22, 13, 12]"
51,9,"[23, 24, 12, 11, 15, 4, 12, 6, 9]"
1,11,"[3, 6, 11, 9, 10, 13, 8, 8, 13, 12, 21]"
2,11,"[7, 5, 11, 10, 5, 12, 8, 3, 22, 15, 16]"
3,9,"[8, 17, 17, 9, 11, 12, 10, 12, 20]"
4,11,"[9, 6, 13, 11, 7, 7, 14, 10, 17, 14, 6]"
5,7,"[6, 14, 16, 26, 12, 26, 18]"
6,8,"[17, 12, 19, 13, 10, 13, 13, 20]"
7,8,"[10, 17, 10, 17, 16, 14, 20, 13]"
8,8,"[22, 13, 16, 8, 15, 12, 18, 13]"
9,9,"[14, 11, 9, 17, 10, 18, 19, 9, 9]"
10,7,"[12, 14, 20, 22, 15, 22, 13]"
11,8,"[13, 12, 20, 16, 14, 20, 18, 4]"
12,8,"[14, 14, 26, 17, 12, 4, 12, 18]"
13,9,"[14, 16, 12, 23, 16, 10, 9, 4, 12]"
14,6,"[20, 24, 25, 26, 19, 5]"
15,9,"[16, 18, 29, 7, 8, 7, 6, 14, 11]"
16,9,"[21, 13, 15, 26, 9, 11, 9, 7, 5]"
17,9,"[13, 20, 6, 7, 14, 18, 12, 10, 16]"
18,8,"[22, 12, 28, 7, 7, 13, 15, 13]"
19,7,"[29, 9, 12, 19, 20, 11, 18]"
20,9,"[21, 10, 14, 9, 10, 7, 18, 13, 14]"
21,11,"[18, 14, 9, 10, 7, 7, 15, 13, 6, 8, 7]"
22,8,"[26, 7, 13, 19, 26, 8, 14, 3]"
23,9,"[20, 11, 13, 12, 21, 8, 12, 13, 6]"
24,8,"[32, 12, 5, 16, 21, 7, 20, 4]"
25,9,"[12, 16, 16, 5, 13, 15, 21, 10, 8]"
26,8,"[12, 14, 23, 10, 21, 13, 9, 15]"
27,9,"[23, 14, 8, 21, 6, 8, 12, 16, 8]"
28,7,"[18, 22, 27, 12, 10, 19, 10]"
29,8,"[21, 12, 20, 16, 16, 11, 16, 5]"
30,8,"[10, 17, 13, 14, 11, 21, 27, 4]"
31,8,"[10, 16, 21, 22, 9, 5, 14, 19]"
32,8,"[34, 17, 16, 12, 13, 14, 6, 5]"
33,8,"[9, 8, 9, 19, 23, 26, 17, 6]"
34,8,"[15, 17, 13, 8, 20, 16, 14, 14]"
35,6,"[19, 23, 11, 27, 24, 14]"
36,7,"[21, 12, 13, 27, 10, 19, 15]"
37,9,"[25, 13, 10, 7, 10, 14, 13, 11, 13]"
38,9,"[15, 23, 7, 6, 11, 11, 17, 15, 11]"
39,8,"[21, 19, 12, 11, 5, 10, 20, 18]"
40,8,"[29, 20, 9, 17, 9, 13, 17, 3]"
41,8,"[21, 13, 18, 15, 7, 16, 15, 12]"
42,8,"[11, 24, 16, 9, 23, 9, 19, 6]"
43,9,"[28, 24, 8, 10, 11, 7, 12, 9, 7]"
44,9,"[5, 22, 7, 8, 18, 11, 17, 15, 13]"
45,7,"[20, 23, 11, 17, 20, 17, 10]"
46,7,"[13, 24, 16, 16, 16, 24, 8]"
47,9,"[17, 18, 14, 10, 9, 14, 5, 13, 16]"
48,8,"[25, 11, 11, 15, 11, 14, 13, 16]"
49,8,"[26, 22, 5, 19, 12, 10, 8, 15]"
50,8,"[12, 23, 9, 13, 18, 18, 15, 9]"
51,7,"[20, 16, 14, 10, 16, 19, 23]"
52,6,"[17, 17, 33, 34, 13, 5]"
53,9,"[11, 12, 17, 17, 18, 8, 11, 9, 13]"
54,8,"[17, 29, 10, 15, 11, 19, 10, 6]"
55,5,"[27, 26, 13, 36, 17]"
56,9,"[16, 11, 23, 7, 6, 13, 16, 12, 12]"
57,7,"[30, 14, 7, 20, 7, 21, 18]"
58,7,"[22, 24, 24, 12, 11, 19, 6]"
59,7,"[14, 21, 11, 27, 24, 15, 6]"
1,12,"[4, 4, 2, 7, 12, 12, 6, 14, 12, 12, 14, 13]"
2,10,"[16, 7, 9, 13, 13, 15, 19, 10, 13, 0]"
3,10,"[8, 5, 13, 10, 16, 9, 18, 9, 11, 16]"
4,8,"[12, 7, 20, 23, 12, 10, 12, 21]"
5,9,"[9, 24, 15, 16, 7, 17, 9, 12, 7]"
6,9,"[7, 7, 6, 15, 13, 20, 22, 14, 12]"
7,9,"[6, 15, 9, 14, 9, 23, 16, 18, 6]"
8,8,"[15, 22, 12, 12, 16, 7, 17, 16]"
9,7,"[15, 21, 25, 22, 9, 19, 7]"
10,9,"[19, 18, 8, 12, 14, 17, 16, 7, 5]"
11,8,"[17, 18, 15, 16, 27, 6, 6, 11]"
12,9,"[19, 11, 22, 23, 4, 4, 8, 14, 11]"
13,7,"[16, 14, 25, 26, 23, 9, 5]"
14,8,"[22, 14, 21, 12, 13, 15, 8, 11]"
15,10,"[21, 13, 21, 11, 15, 7, 7, 10, 4, 6]"
16,8,"[22, 18, 18, 21, 5, 13, 7, 13]"
17,8,"[31, 15, 12, 11, 14, 10, 15, 9]"
18,8,"[23, 24, 25, 9, 10, 7, 15, 4]"
19,9,"[14, 18, 23, 11, 13, 7, 11, 14, 5]"
20,9,"[19, 21, 11, 12, 10, 16, 5, 11, 11]"
21,9,"[24, 8, 15, 14, 17, 7, 11, 14, 6]"
22,8,"[18, 14, 12, 16, 18, 9, 12, 18]"
23,9,"[23, 19, 15, 10, 19, 4, 11, 11, 4]"
24,8,"[10, 18, 15, 19, 22, 0, 17, 16]"
25,8,"[11, 4, 16, 27, 12, 19, 19, 9]"
26,9,"[9, 17, 8, 16, 15, 20, 18, 9, 4]"
27,8,"[17, 8, 21, 12, 21, 17, 9, 11]"
28,9,"[11, 11, 16, 10, 19, 15, 16, 7, 11]"
29,9,"[10, 19, 9, 21, 11, 12, 11, 14, 9]"
30,10,"[13, 15, 7, 9, 15, 11, 20, 13, 7, 5]"
31,8,"[19, 8, 21, 20, 18, 8, 15, 8]"
32,8,"[15, 20, 21, 6, 15, 20, 14, 6]"
33,7,"[28, 18, 10, 14, 19, 11, 18]"
34,8,"[11, 18, 8, 11, 24, 13, 25, 7]"
35,8,"[19, 16, 17, 6, 19, 11, 12, 17]"
36,9,"[6, 25, 15, 17, 12, 16, 9, 4, 12]"
37,8,"[16, 11, 21, 20, 11, 18, 13, 7]"
38,8,"[11, 21, 20, 17, 6, 9, 20, 13]"
39,7,"[26, 12, 18, 9, 28, 4, 21]"
40,7,"[17, 19, 25, 23, 7, 20, 7]"
41,8,"[23, 12, 16, 20, 14, 14, 13, 5]"
42,8,"[6, 15, 17, 22, 29, 11, 10, 7]"
43,8,"[14, 10, 18, 11, 7, 21, 23, 13]"
44,8,"[20, 13, 12, 10, 16, 15, 12, 19]"
45,10,"[16, 10, 9, 0, 17, 10, 20, 11, 10, 11]"
46,8,"[21, 13, 12, 10, 15, 15, 18, 13]"
47,9,"[22, 23, 6, 9, 7, 15, 20, 10, 4]"
48,9,"[11, 17, 16, 13, 5, 17, 18, 14, 5]"
49,8,"[11, 13, 17, 14, 15, 9, 28, 10]"
50,7,"[20, 14, 21, 31, 6, 22, 4]"
51,9,"[13, 13, 18, 16, 18, 5, 7, 10, 16]"
52,8,"[13, 7, 11, 15, 19, 21, 25, 6]"
53,6,"[30, 25, 10, 26, 7, 20]"
54,9,"[14, 11, 9, 12, 11, 20, 11, 19, 9]"
55,10,"[10, 9, 10, 5, 12, 7, 11, 20, 20, 10]"
56,7,"[21, 23, 10, 9, 20, 17, 17]"
1,11,"[2, 8, 10, 15, 13, 6, 7, 6, 10, 18, 18]"
2,10,"[2, 3, 17, 12, 8, 14, 12, 21, 13, 13]"
3,10,"[20, 6, 9, 6, 18, 18, 11, 22, 2, 3]"
4,9,"[15, 2, 11, 11, 13, 9, 18, 18, 19]"
5,10,"[10, 14, 9, 8, 13, 18, 20, 10, 9, 4]"
6,8,"[7, 21, 8, 20, 14, 24, 16, 7]"
7,8,"[13, 11, 16, 15, 8, 21, 18, 15]"
8,10,"[11, 16, 10, 13, 12, 12, 15, 3, 18, 5]"
9,10,"[11, 13, 19, 12, 10, 7, 3, 16, 10, 14]"
10,7,"[12, 17, 15, 19, 24, 22, 8]"
11,9,"[13, 16, 13, 13, 18, 23, 2, 5, 13]"
12,8,"[19, 14, 29, 25, 3, 7, 10, 10]"
13,10,"[18, 16, 12, 15, 21, 4, 11, 0, 9, 9]"
14,7,"[18, 23, 19, 22, 19, 8, 9]"
15,7,"[20, 30, 17, 24, 3, 13, 11]"
16,9,"[16, 19, 25, 19, 3, 8, 6, 9, 11]"
17,7,"[26, 19, 30, 18, 2, 10, 12]"
18,8,"[19, 26, 12, 12, 5, 12, 17, 13]"
19,10,"[18, 21, 2, 11, 10, 13, 9, 11, 14, 6]"
20,7,"[19, 30, 31, 2, 12, 15, 8]"
21,8,"[23, 28, 16, 13, 3, 7, 16, 11]"
22,9,"[27, 14, 11, 13, 13, 14, 7, 14, 3]"
23,10,"[20, 4, 7, 19, 9, 11, 13, 7, 18, 7]"
24,7,"[14, 7, 24, 21, 20, 10, 21]"
25,9,"[23, 14, 2, 19, 8, 17, 15, 6, 12]"
26,8,"[21, 16, 19, 11, 12, 21, 10, 7]"
27,9,"[19, 22, 3, 13, 15, 9, 25, 7, 3]"
28,9,"[16, 11, 17, 16, 15, 10, 10, 14, 7]"
29,10,"[18, 7, 2, 16, 7, 13, 10, 15, 19, 7]"
30,7,"[19, 18, 12, 18, 12, 25, 13]"
31,7,"[16, 22, 16, 14, 14, 27, 9]"
32,9,"[2, 18, 19, 13, 7, 12, 23, 10, 12]"
33,8,"[2, 11, 22, 15, 18, 14, 11, 24]"
34,7,"[2, 15, 21, 18, 24, 9, 29]"
35,9,"[2, 19, 16, 16, 4, 25, 12, 11, 11]"
36,8,"[23, 19, 11, 21, 8, 13, 7, 15]"
37,7,"[3, 20, 30, 19, 26, 8, 12]"
38,10,"[5, 10, 15, 12, 9, 15, 16, 10, 13, 10]"
39,9,"[3, 20, 17, 20, 14, 10, 9, 13, 10]"
40,8,"[17, 6, 21, 14, 13, 28, 11, 7]"
41,9,"[3, 17, 13, 18, 15, 19, 18, 6, 7]"
42,8,"[10, 10, 20, 18, 19, 20, 11, 8]"
43,9,"[3, 15, 15, 13, 14, 7, 19, 11, 19]"
44,7,"[25, 14, 19, 21, 14, 14, 11]"
45,9,"[9, 4, 13, 15, 25, 13, 21, 9, 7]"
46,9,"[12, 16, 3, 13, 19, 15, 12, 11, 15]"
47,6,"[22, 24, 25, 12, 21, 15]"
48,8,"[3, 21, 14, 13, 9, 20, 19, 18]"
49,10,"[4, 12, 16, 13, 8, 17, 19, 10, 9, 7]"
50,7,"[4, 25, 25, 20, 20, 10, 14]"
51,8,"[30, 6, 14, 13, 9, 14, 14, 17]"
52,8,"[28, 3, 9, 20, 11, 16, 24, 6]"
53,8,"[2, 8, 23, 18, 12, 17, 27, 10]"
54,8,"[10, 23, 25, 10, 0, 23, 19, 7]"
55,9,"[3, 13, 21, 13, 14, 10, 20, 16, 6]"
56,6,"[6, 26, 21, 20, 22, 23]"
57,7,"[16, 17, 20, 18, 8, 18, 21]"
58,8,"[20, 10, 13, 18, 22, 11, 7, 16]"
59,7,"[14, 12, 17, 15, 22, 22, 16]"
60,6,"[22, 27, 10, 26, 21, 13]"
61,8,"[17, 10, 21, 9, 19, 18, 10, 12]"
62,9,"[15, 8, 20, 12, 15, 12, 15, 13, 6]"
63,8,"[5, 15, 9, 19, 19, 19, 18, 13]"
64,9,"[11, 11, 11, 13, 13, 21, 20, 13, 2]"
65,7,"[24, 9, 10, 24, 18, 12, 20]"
66,8,"[3, 16, 18, 14, 7, 13, 27, 19]"
1,10,"[6, 7, 9, 11, 9, 15, 11, 12, 14, 18]"
2,12,"[12, 16, 5, 6, 7, 12, 18, 11, 16, 0, 0, 10]"
3,11,"[15, 6, 8, 10, 12, 9, 10, 21, 11, 0, 12]"
4,10,"[8, 8, 16, 8, 6, 9, 20, 16, 10, 14]"
5,11,"[2, 10, 13, 8, 9, 8, 10, 16, 19, 11, 8]"
6,8,"[20, 12, 8, 16, 19, 15, 21, 6]"
7,7,"[15, 18, 13, 18, 22, 24, 8]"
8,9,"[13, 14, 8, 16, 13, 19, 16, 7, 10]"
9,9,"[15, 14, 14, 20, 13, 6, 6, 9, 19]"
10,7,"[17, 23, 20, 20, 14, 8, 16]"
11,8,"[15, 17, 15, 15, 13, 26, 10, 6]"
12,8,"[16, 22, 21, 18, 13, 22, 0, 4]"
13,8,"[14, 17, 23, 23, 22, 4, 4, 10]"
14,7,"[22, 9, 25, 27, 24, 5, 5]"
15,9,"[22, 22, 24, 11, 6, 11, 10, 2, 8]"
16,9,"[26, 15, 19, 27, 6, 6, 0, 8, 9]"
17,11,"[13, 23, 18, 9, 13, 5, 15, 5, 0, 6, 7]"
18,8,"[26, 16, 20, 10, 6, 13, 9, 17]"
19,9,"[19, 31, 18, 10, 4, 17, 0, 6, 11]"
20,8,"[23, 8, 10, 10, 23, 22, 12, 8]"
21,9,"[23, 16, 14, 11, 10, 5, 10, 7, 20]"
22,8,"[23, 13, 13, 16, 14, 9, 11, 18]"
23,9,"[26, 7, 10, 16, 13, 6, 19, 14, 5]"
24,8,"[21, 36, 18, 12, 4, 11, 7, 8]"
25,8,"[8, 17, 15, 21, 23, 4, 16, 12]"
26,10,"[15, 7, 13, 25, 12, 12, 7, 10, 10, 4]"
27,9,"[16, 5, 18, 20, 7, 7, 14, 8, 20]"
28,10,"[14, 15, 17, 21, 0, 5, 12, 12, 13, 6]"
29,8,"[20, 13, 21, 16, 19, 12, 11, 5]"
30,9,"[14, 17, 9, 15, 21, 20, 12, 6, 2]"
31,7,"[7, 24, 10, 27, 20, 19, 11]"
32,9,"[11, 21, 14, 12, 16, 21, 4, 7, 10]"
33,8,"[19, 15, 19, 14, 13, 14, 14, 9]"
34,7,"[24, 14, 11, 22, 24, 13, 9]"
35,9,"[17, 20, 11, 16, 6, 20, 17, 0, 9]"
36,8,"[19, 12, 22, 8, 22, 7, 10, 17]"
37,10,"[19, 7, 12, 14, 22, 9, 8, 9, 6, 9]"
38,9,"[15, 7, 16, 19, 8, 16, 21, 5, 9]"
39,7,"[35, 27, 19, 16, 4, 6, 11]"
40,10,"[5, 16, 12, 15, 15, 4, 15, 11, 9, 13]"
41,8,"[26, 20, 9, 21, 4, 14, 15, 8]"
42,5,"[40, 23, 13, 21, 23]"
43,7,"[24, 6, 17, 29, 11, 11, 20]"
44,7,"[20, 26, 7, 8, 18, 18, 20]"
45,8,"[25, 16, 6, 21, 6, 19, 15, 9]"
46,8,"[14, 9, 24, 22, 9, 8, 11, 19]"
47,7,"[17, 24, 19, 5, 11, 23, 19]"
48,7,"[20, 26, 18, 13, 13, 20, 8]"
49,7,"[29, 10, 18, 16, 14, 21, 10]"
50,8,"[21, 14, 20, 13, 18, 15, 10, 6]"
51,8,"[26, 13, 11, 5, 22, 23, 8, 9]"
52,8,"[11, 16, 20, 22, 8, 23, 13, 4]"
53,7,"[20, 24, 19, 14, 4, 24, 13]"
54,6,"[14, 18, 20, 27, 24, 15]"
55,9,"[6, 22, 19, 9, 18, 0, 15, 18, 9]"
56,8,"[25, 18, 17, 16, 8, 10, 16, 7]"
57,7,"[16, 10, 35, 18, 8, 15, 15]"
58,6,"[5, 21, 29, 16, 27, 21]"
59,8,"[8, 14, 20, 14, 23, 12, 17, 9]"
60,7,"[32, 4, 26, 12, 21, 10, 13]"
61,6,"[23, 32, 29, 11, 12, 11]"
62,6,"[7, 25, 23, 6, 33, 24]"
63,7,"[32, 16, 7, 16, 19, 19, 9]"
64,7,"[13, 7, 25, 13, 20, 31, 9]"
1,11,"[0, 6, 5, 9, 9, 12, 12, 11, 20, 13, 16]"
2,9,"[16, 7, 9, 12, 15, 15, 17, 16, 9]"
3,9,"[9, 11, 12, 8, 17, 19, 10, 16, 14]"
4,9,"[12, 12, 16, 12, 9, 17, 25, 12, 1]"
5,9,"[14, 14, 11, 16, 18, 8, 13, 10, 12]"
6,8,"[12, 18, 17, 13, 13, 12, 19, 13]"
7,9,"[10, 17, 13, 12, 16, 8, 17, 22, 1]"
8,9,"[11, 12, 19, 19, 19, 12, 4, 4, 15]"
9,8,"[15, 14, 13, 18, 27, 14, 6, 9]"
10,8,"[19, 15, 20, 14, 15, 11, 13, 10]"
11,8,"[21, 16, 22, 17, 14, 15, 6, 6]"
12,8,"[14, 15, 17, 13, 16, 21, 11, 10]"
13,8,"[14, 14, 11, 16, 20, 14, 19, 8]"
14,8,"[24, 18, 27, 23, 5, 4, 15, 1]"
15,7,"[16, 30, 21, 20, 10, 12, 9]"
16,8,"[13, 17, 12, 24, 16, 15, 7, 12]"
17,9,"[14, 21, 20, 12, 10, 8, 9, 8, 14]"
18,6,"[22, 25, 31, 9, 15, 16]"
19,7,"[23, 30, 10, 14, 11, 16, 14]"
20,8,"[16, 23, 21, 6, 21, 7, 14, 8]"
21,9,"[20, 12, 11, 11, 15, 17, 7, 12, 11]"
22,8,"[22, 14, 13, 15, 10, 18, 12, 12]"
23,8,"[12, 17, 13, 24, 16, 17, 7, 11]"
24,8,"[14, 14, 17, 15, 14, 13, 10, 20]"
25,8,"[22, 11, 14, 13, 23, 12, 16, 6]"
26,9,"[20, 18, 17, 11, 13, 9, 13, 6, 9]"
27,8,"[16, 19, 15, 10, 20, 9, 15, 13]"
28,6,"[15, 31, 16, 9, 29, 19]"
29,8,"[16, 17, 18, 11, 12, 15, 19, 9]"
30,7,"[22, 13, 24, 18, 12, 14, 15]"
31,9,"[7, 15, 15, 16, 17, 16, 11, 8, 11]"
32,7,"[14, 11, 21, 20, 15, 22, 15]"
33,9,"[15, 15, 21, 10, 9, 16, 14, 10, 6]"
34,7,"[21, 21, 22, 14, 9, 17, 14]"
35,7,"[23, 13, 16, 16, 20, 17, 13]"
36,9,"[16, 12, 20, 14, 14, 14, 10, 8, 8]"
37,7,"[19, 20, 32, 13, 9, 8, 17]"
38,5,"[22, 40, 14, 26, 18]"
39,7,"[30, 16, 22, 11, 14, 17, 8]"
40,7,"[19, 16, 7, 27, 22, 7, 20]"
41,6,"[25, 37, 8, 6, 23, 20]"
42,10,"[17, 17, 14, 20, 8, 6, 17, 3, 12, 1]"
43,8,"[18, 14, 15, 14, 4, 11, 26, 15]"
44,8,"[14, 27, 16, 12, 0, 15, 21, 12]"
45,8,"[19, 11, 19, 11, 14, 17, 15, 11]"
46,8,"[21, 20, 21, 18, 12, 13, 11, 1]"
47,6,"[17, 20, 16, 25, 29, 11]"
48,8,"[7, 16, 10, 13, 33, 21, 11, 6]"
49,7,"[17, 20, 19, 15, 12, 20, 15]"
50,8,"[19, 15, 19, 13, 16, 16, 17, 1]"
51,9,"[11, 12, 19, 6, 28, 9, 14, 7, 9]"
52,7,"[19, 15, 20, 28, 7, 8, 21]"
53,9,"[18, 14, 14, 9, 15, 13, 6, 13, 14]"
54,7,"[20, 10, 13, 25, 12, 22, 16]"
55,8,"[17, 24, 16, 10, 16, 0, 17, 17]"
56,8,"[13, 16, 16, 18, 7, 16, 15, 16]"
57,6,"[18, 24, 15, 14, 23, 24]"
58,8,"[18, 18, 7, 10, 16, 11, 22, 14]"
59,8,"[12, 22, 14, 21, 16, 17, 5, 10]"
60,7,"[14, 15, 18, 17, 9, 23, 22]"
61,8,"[11, 18, 15, 18, 13, 17, 13, 12]"
62,8,"[34, 10, 13, 9, 13, 17, 12, 8]"
63,8,"[16, 18, 15, 14, 10, 23, 10, 11]"
64,7,"[22, 25, 24, 20, 0, 15, 12]"
1,11,"[5, 7, 4, 7, 6, 5, 7, 18, 15, 24, 15]"
2,11,"[18, 6, 10, 10, 5, 11, 16, 19, 5, 0, 14]"
3,8,"[13, 10, 9, 14, 22, 23, 12, 14]"
4,8,"[7, 7, 16, 23, 24, 14, 11, 15]"
5,8,"[10, 15, 14, 12, 28, 15, 18, 5]"
6,9,"[9, 8, 10, 24, 7, 19, 20, 8, 11]"
7,10,"[9, 13, 8, 10, 9, 12, 17, 12, 19, 6]"
8,9,"[10, 9, 14, 18, 11, 18, 21, 4, 11]"
9,8,"[16, 14, 19, 17, 23, 11, 9, 8]"
10,7,"[15, 13, 17, 16, 29, 20, 8]"
11,10,"[23, 18, 8, 27, 6, 8, 5, 10, 6, 4]"
12,10,"[17, 17, 18, 20, 18, 10, 6, 0, 6, 3]"
13,7,"[28, 12, 20, 22, 21, 6, 9]"
14,8,"[23, 15, 12, 26, 14, 12, 9, 6]"
15,6,"[26, 26, 18, 20, 8, 20]"
16,8,"[19, 18, 16, 21, 19, 5, 9, 10]"
17,9,"[23, 9, 26, 8, 11, 6, 12, 11, 10]"
18,7,"[24, 23, 25, 14, 16, 6, 9]"
19,10,"[13, 20, 20, 11, 16, 10, 6, 4, 10, 5]"
20,9,"[16, 25, 14, 12, 19, 13, 9, 4, 4]"
21,8,"[22, 12, 10, 14, 16, 23, 9, 10]"
22,8,"[30, 11, 11, 15, 13, 14, 15, 8]"
23,8,"[10, 17, 6, 23, 21, 11, 16, 12]"
24,8,"[38, 12, 17, 18, 6, 15, 5, 6]"
25,8,"[24, 27, 13, 18, 14, 10, 6, 5]"
26,8,"[26, 14, 19, 23, 8, 15, 7, 5]"
27,7,"[34, 16, 10, 20, 14, 15, 9]"
28,9,"[24, 10, 13, 18, 12, 13, 9, 9, 8]"
29,8,"[20, 10, 16, 21, 23, 7, 14, 6]"
30,8,"[13, 21, 8, 23, 14, 16, 12, 9]"
31,8,"[11, 16, 24, 16, 9, 19, 18, 4]"
32,8,"[16, 19, 7, 26, 18, 8, 14, 9]"
33,7,"[26, 19, 14, 18, 20, 12, 9]"
34,7,"[30, 21, 17, 19, 16, 11, 4]"
35,9,"[21, 24, 11, 11, 11, 11, 4, 19, 4]"
36,7,"[17, 10, 22, 9, 22, 22, 16]"
37,9,"[6, 17, 23, 12, 16, 17, 11, 10, 4]"
38,7,"[19, 8, 28, 22, 12, 18, 11]"
39,8,"[21, 27, 10, 16, 13, 9, 12, 9]"
40,8,"[31, 30, 15, 7, 7, 9, 11, 7]"
41,8,"[21, 12, 19, 23, 15, 10, 10, 7]"
42,7,"[10, 32, 23, 21, 10, 11, 10]"
43,6,"[21, 15, 9, 34, 29, 10]"
44,5,"[28, 30, 15, 38, 9]"
45,7,"[22, 26, 18, 22, 18, 4, 8]"
46,7,"[24, 15, 21, 13, 10, 24, 10]"
47,5,"[31, 41, 28, 12, 8]"
48,7,"[24, 19, 16, 13, 18, 17, 11]"
49,7,"[18, 21, 13, 21, 18, 18, 9]"
50,8,"[10, 13, 18, 18, 32, 11, 5, 10]"
51,8,"[15, 17, 21, 10, 12, 23, 13, 6]"
52,6,"[11, 13, 28, 21, 25, 20]"
53,7,"[36, 18, 8, 12, 23, 12, 9]"
54,6,"[25, 16, 13, 32, 18, 14]"
55,6,"[16, 11, 28, 26, 30, 8]"
56,9,"[14, 7, 17, 10, 12, 12, 13, 14, 17]"
57,9,"[12, 18, 13, 21, 9, 12, 13, 10, 8]"
58,6,"[20, 35, 18, 17, 19, 10]"
59,7,"[34, 22, 15, 5, 20, 13, 9]"
60,7,"[12, 10, 11, 24, 17, 31, 13]"
61,8,"[10, 13, 16, 16, 23, 18, 12, 9]"
62,6,"[31, 14, 32, 13, 20, 9]"
63,9,"[16, 25, 6, 18, 0, 11, 16, 17, 7]"
1,10,"[4, 4, 6, 13, 6, 17, 13, 21, 17, 14]"
2,10,"[12, 6, 11, 7, 16, 16, 11, 8, 17, 11]"
3,10,"[12, 12, 8, 14, 8, 17, 16, 13, 11, 4]"
4,9,"[8, 10, 14, 23, 7, 7, 17, 24, 6]"
5,9,"[7, 21, 14, 10, 17, 13, 14, 4, 16]"
6,9,"[4, 15, 9, 14, 10, 19, 17, 9, 19]"
7,7,"[15, 15, 20, 18, 22, 12, 16]"
8,8,"[18, 22, 19, 9, 17, 15, 15, 2]"
9,9,"[18, 19, 5, 16, 12, 8, 20, 15, 3]"
10,8,"[13, 11, 27, 23, 22, 2, 9, 10]"
11,9,"[19, 16, 17, 12, 15, 16, 9, 10, 2]"
12,9,"[16, 13, 12, 17, 23, 18, 6, 4, 7]"
13,9,"[19, 14, 21, 14, 11, 15, 12, 6, 4]"
14,7,"[23, 22, 16, 19, 8, 12, 18]"
15,8,"[18, 22, 19, 18, 13, 8, 8, 11]"
16,10,"[20, 14, 6, 8, 5, 16, 18, 9, 17, 2]"
17,8,"[15, 23, 34, 1, 4, 15, 15, 9]"
18,6,"[20, 27, 24, 16, 23, 8]"
19,9,"[16, 19, 17, 9, 10, 13, 16, 8, 8]"
20,8,"[17, 18, 9, 8, 12, 17, 21, 15]"
21,8,"[20, 27, 29, 2, 14, 11, 10, 4]"
22,9,"[24, 23, 9, 11, 5, 10, 18, 8, 8]"
23,8,"[33, 7, 11, 14, 20, 6, 19, 7]"
24,7,"[26, 18, 17, 16, 15, 6, 20]"
25,7,"[20, 17, 21, 20, 10, 16, 13]"
26,9,"[9, 16, 7, 6, 21, 18, 16, 10, 13]"
27,8,"[18, 17, 18, 13, 14, 19, 4, 14]"
28,8,"[16, 16, 16, 2, 13, 12, 17, 25]"
29,9,"[15, 10, 13, 17, 9, 16, 13, 16, 7]"
30,9,"[18, 15, 6, 18, 11, 15, 19, 10, 4]"
31,9,"[17, 12, 18, 16, 9, 14, 16, 4, 10]"
32,8,"[6, 16, 17, 8, 13, 21, 20, 16]"
33,7,"[23, 11, 18, 16, 24, 20, 6]"
34,11,"[13, 9, 19, 7, 8, 16, 7, 6, 16, 8, 5]"
35,8,"[15, 27, 8, 23, 13, 4, 14, 13]"
36,8,"[6, 15, 22, 17, 13, 14, 10, 20]"
37,8,"[21, 15, 6, 20, 8, 23, 13, 11]"
38,8,"[24, 16, 9, 16, 16, 21, 9, 6]"
39,9,"[16, 6, 23, 15, 5, 9, 13, 10, 19]"
40,9,"[22, 14, 7, 12, 25, 9, 12, 1, 14]"
41,8,"[19, 32, 8, 19, 2, 21, 14, 2]"
42,8,"[18, 14, 6, 19, 19, 14, 5, 22]"
43,7,"[13, 21, 21, 9, 15, 19, 19]"
44,9,"[23, 16, 27, 5, 6, 7, 15, 6, 11]"
45,10,"[5, 12, 13, 14, 20, 6, 7, 20, 16, 2]"
46,9,"[13, 20, 17, 26, 5, 12, 10, 6, 7]"
47,7,"[14, 16, 19, 6, 8, 31, 23]"
48,10,"[9, 14, 6, 20, 16, 22, 2, 16, 5, 5]"
1,13,"[3, 2, 3, 3, 6, 8, 7, 8, 8, 19, 12, 21, 12]"
2,9,"[19, 10, 13, 17, 14, 8, 22, 11, 2]"
3,7,"[15, 21, 15, 21, 24, 11, 11]"
4,9,"[7, 13, 19, 11, 4, 17, 12, 23, 10]"
5,7,"[12, 23, 11, 13, 19, 14, 26]"
6,9,"[4, 11, 15, 12, 17, 7, 25, 16, 9]"
7,9,"[9, 12, 9, 10, 14, 12, 18, 13, 19]"
8,8,"[20, 12, 16, 16, 13, 17, 5, 18]"
9,7,"[21, 20, 12, 25, 12, 21, 7]"
10,8,"[14, 26, 9, 31, 4, 10, 9, 13]"
11,9,"[22, 19, 14, 17, 6, 5, 9, 12, 12]"
12,10,"[17, 11, 17, 20, 19, 4, 6, 3, 10, 8]"
13,9,"[18, 19, 17, 10, 20, 6, 8, 6, 12]"
14,7,"[15, 23, 23, 18, 23, 5, 10]"
15,8,"[12, 15, 26, 22, 8, 16, 14, 4]"
16,7,"[22, 24, 27, 7, 12, 14, 12]"
17,8,"[20, 22, 19, 7, 17, 10, 11, 11]"
18,7,"[18, 27, 31, 5, 14, 6, 17]"
19,8,"[22, 21, 9, 24, 6, 11, 9, 15]"
20,10,"[17, 22, 12, 11, 5, 7, 6, 5, 17, 13]"
21,9,"[23, 22, 16, 12, 12, 10, 2, 8, 11]"
22,8,"[19, 20, 18, 17, 13, 8, 9, 13]"
23,9,"[32, 9, 17, 11, 5, 15, 12, 10, 5]"
24,7,"[28, 20, 20, 13, 3, 15, 18]"
25,8,"[17, 13, 19, 10, 21, 13, 10, 14]"
26,8,"[16, 4, 16, 10, 16, 27, 16, 12]"
27,8,"[18, 28, 20, 5, 17, 11, 10, 8]"
28,9,"[4, 18, 25, 8, 5, 14, 10, 23, 9]"
29,9,"[18, 18, 4, 20, 20, 9, 11, 12, 4]"
30,8,"[3, 19, 23, 4, 7, 28, 18, 15]"
31,6,"[20, 20, 5, 29, 19, 25]"
32,9,"[21, 19, 3, 13, 5, 10, 22, 13, 10]"
33,8,"[18, 8, 24, 13, 10, 3, 26, 15]"
34,8,"[17, 8, 19, 18, 12, 20, 12, 11]"
35,7,"[23, 23, 10, 7, 24, 19, 12]"
36,6,"[22, 12, 29, 14, 28, 14]"
37,8,"[16, 6, 14, 19, 19, 10, 23, 10]"
38,7,"[14, 11, 17, 24, 16, 20, 16]"
39,7,"[22, 12, 11, 25, 16, 22, 10]"
40,9,"[22, 22, 4, 17, 8, 6, 10, 10, 17]"
41,8,"[20, 21, 17, 24, 7, 15, 10, 2]"
42,8,"[20, 4, 31, 16, 13, 7, 13, 13]"
43,8,"[17, 17, 3, 30, 6, 13, 21, 10]"
44,8,"[18, 11, 23, 12, 23, 10, 10, 10]"
45,8,"[21, 19, 20, 6, 13, 8, 12, 18]"
46,7,"[9, 20, 27, 19, 14, 15, 14]"
47,7,"[34, 6, 13, 10, 32, 8, 15]"
48,8,"[13, 9, 23, 30, 12, 5, 20, 5]"
49,8,"[14, 18, 4, 14, 10, 16, 20, 20]"
50,8,"[16, 24, 24, 17, 18, 10, 6, 2]"
51,8,"[19, 13, 26, 14, 9, 19, 12, 5]"
52,6,"[22, 23, 36, 16, 9, 13]"
53,8,"[12, 7, 4, 8, 22, 21, 31, 12]"
54,10,"[13, 6, 6, 18, 10, 12, 19, 12, 13, 6]"
55,6,"[20, 24, 32, 11, 16, 16]"
56,7,"[20, 23, 8, 33, 6, 17, 10]"
57,5,"[19, 24, 26, 11, 40]"
58,8,"[14, 29, 4, 9, 13, 9, 15, 23]"
59,9,"[21, 4, 23, 11, 9, 14, 8, 13, 13]"
60,6,"[21, 33, 21, 13, 20, 11]"
61,8,"[8, 7, 26, 13, 4, 14, 30, 15]"
62,7,"[7, 17, 17, 22, 11, 25, 19]"
63,8,"[20, 9, 18, 14, 10, 24, 10, 12]"
64,9,"[16, 4, 20, 17, 9, 6, 11, 25, 8]"
1,11,"[2, 7, 9, 5, 7, 12, 13, 8, 18, 21, 12]"
2,8,"[11, 19, 8, 15, 11, 7, 22, 24]"
3,10,"[14, 7, 9, 9, 4, 21, 8, 16, 8, 19]"
4,7,"[10, 22, 16, 15, 9, 24, 22]"
5,8,"[14, 13, 14, 25, 22, 14, 6, 9]"
6,8,"[8, 14, 32, 9, 18, 21, 9, 6]"
7,9,"[9, 13, 8, 12, 14, 21, 11, 22, 6]"
8,9,"[9, 11, 12, 9, 10, 26, 25, 9, 5]"
9,6,"[12, 27, 19, 24, 27, 10]"
10,7,"[14, 16, 25, 23, 30, 6, 4]"
11,7,"[16, 17, 25, 23, 23, 9, 5]"
12,7,"[19, 13, 20, 27, 23, 8, 8]"
13,9,"[19, 15, 28, 10, 17, 8, 5, 9, 5]"
14,8,"[7, 21, 20, 21, 13, 13, 14, 8]"
15,8,"[20, 29, 17, 16, 7, 8, 12, 8]"
16,8,"[18, 28, 25, 8, 12, 9, 10, 7]"
17,8,"[27, 23, 23, 11, 10, 7, 13, 3]"
18,6,"[34, 20, 16, 25, 14, 10]"
19,7,"[21, 14, 23, 17, 20, 9, 13]"
20,8,"[21, 21, 18, 8, 9, 16, 15, 9]"
21,9,"[23, 18, 9, 17, 8, 8, 15, 13, 5]"
22,7,"[18, 25, 19, 12, 13, 8, 23]"
23,8,"[26, 17, 13, 10, 22, 9, 13, 7]"
24,8,"[14, 21, 8, 15, 26, 17, 9, 7]"
25,8,"[16, 14, 19, 6, 15, 18, 17, 12]"
26,8,"[26, 24, 17, 15, 10, 14, 4, 7]"
27,7,"[21, 14, 17, 17, 15, 19, 14]"
28,9,"[17, 11, 9, 24, 11, 5, 13, 18, 8]"
29,8,"[12, 20, 26, 8, 15, 14, 12, 10]"
30,7,"[19, 8, 23, 23, 27, 15, 3]"
31,8,"[14, 11, 20, 25, 8, 13, 10, 16]"
32,8,"[11, 19, 25, 8, 15, 24, 10, 5]"
33,9,"[20, 25, 10, 20, 7, 14, 6, 9, 5]"
34,7,"[18, 19, 29, 11, 12, 11, 18]"
35,8,"[20, 9, 21, 19, 12, 14, 14, 7]"
36,6,"[25, 24, 30, 9, 14, 17]"
37,8,"[8, 11, 30, 25, 7, 9, 15, 12]"
38,9,"[11, 11, 14, 28, 10, 14, 13, 7, 8]"
39,8,"[19, 15, 20, 11, 15, 14, 15, 8]"
40,9,"[12, 19, 18, 12, 9, 16, 13, 8, 9]"
41,7,"[18, 27, 25, 6, 15, 15, 12]"
42,8,"[25, 20, 8, 15, 10, 15, 12, 12]"
43,7,"[18, 22, 27, 13, 13, 11, 14]"
44,8,"[20, 17, 24, 11, 10, 21, 7, 7]"
45,8,"[8, 33, 11, 17, 16, 15, 9, 8]"
46,7,"[21, 14, 23, 14, 11, 26, 9]"
47,7,"[21, 20, 8, 19, 9, 24, 17]"
48,8,"[21, 21, 19, 8, 13, 18, 12, 5]"
49,7,"[18, 27, 17, 9, 12, 19, 15]"
50,8,"[23, 12, 13, 19, 10, 21, 10, 8]"
51,8,"[28, 29, 14, 14, 8, 7, 10, 7]"
52,6,"[43, 18, 7, 13, 27, 10]"
53,9,"[16, 12, 8, 19, 19, 8, 15, 9, 10]"
54,7,"[29, 24, 14, 10, 24, 9, 8]"
55,8,"[36, 6, 17, 21, 6, 9, 15, 7]"
56,6,"[35, 26, 12, 7, 21, 18]"
57,8,"[22, 16, 21, 12, 8, 8, 17, 13]"
58,7,"[29, 16, 12, 30, 17, 6, 7]"
59,7,"[26, 18, 13, 17, 11, 18, 15]"
60,8,"[15, 18, 13, 24, 17, 11, 8, 11]"
61,7,"[14, 15, 25, 19, 19, 22, 3]"
62,7,"[14, 21, 24, 8, 17, 21, 12]"
63,7,"[19, 14, 10, 26, 25, 11, 13]"
1,11,"[6, 6, 6, 8, 10, 12, 5, 19, 13, 10, 18]"
2,8,"[8, 8, 17, 24, 20, 19, 14, 7]"
3,9,"[10, 11, 12, 7, 21, 23, 12, 8, 12]"
4,9,"[9, 9, 19, 19, 8, 13, 17, 10, 12]"
5,8,"[7, 13, 15, 24, 12, 6, 17, 23]"
6,8,"[14, 9, 10, 21, 12, 18, 17, 16]"
7,8,"[11, 20, 12, 8, 14, 15, 13, 24]"
8,8,"[14, 15, 16, 12, 20, 10, 19, 11]"
9,9,"[22, 8, 28, 11, 16, 6, 5, 14, 6]"
10,7,"[20, 21, 14, 27, 19, 6, 11]"
11,8,"[23, 11, 18, 16, 22, 8, 6, 13]"
12,6,"[20, 20, 24, 19, 17, 19]"
13,8,"[12, 14, 15, 23, 17, 18, 7, 11]"
14,7,"[13, 21, 29, 16, 20, 10, 9]"
15,8,"[10, 16, 26, 22, 10, 7, 18, 8]"
16,7,"[27, 17, 17, 29, 12, 6, 10]"
17,6,"[30, 17, 32, 24, 9, 7]"
18,7,"[17, 19, 28, 8, 7, 23, 16]"
19,8,"[23, 11, 15, 17, 17, 6, 10, 18]"
20,9,"[19, 12, 7, 11, 10, 10, 14, 19, 13]"
21,7,"[26, 26, 17, 8, 12, 17, 12]"
22,8,"[26, 23, 18, 14, 12, 17, 7, 0]"
23,8,"[24, 28, 13, 7, 9, 18, 9, 9]"
24,8,"[13, 23, 15, 7, 17, 7, 25, 9]"
25,9,"[15, 7, 14, 9, 22, 13, 16, 9, 11]"
26,8,"[22, 16, 7, 13, 20, 10, 20, 9]"
27,7,"[19, 12, 15, 27, 10, 22, 12]"
28,8,"[17, 18, 12, 17, 11, 22, 12, 8]"
29,8,"[17, 23, 11, 11, 10, 19, 20, 6]"
30,7,"[20, 25, 19, 6, 8, 27, 13]"
31,8,"[18, 16, 14, 18, 16, 6, 15, 14]"
32,7,"[17, 10, 14, 21, 14, 20, 22]"
33,6,"[12, 20, 24, 18, 26, 19]"
34,7,"[17, 19, 18, 12, 15, 18, 19]"
35,6,"[17, 20, 17, 26, 23, 16]"
36,7,"[16, 20, 31, 10, 14, 17, 10]"
37,6,"[29, 17, 30, 24, 8, 11]"
38,7,"[15, 30, 12, 25, 14, 12, 10]"
39,8,"[21, 12, 12, 5, 9, 26, 13, 19]"
40,5,"[22, 37, 17, 28, 16]"
41,8,"[8, 17, 26, 10, 21, 16, 10, 9]"
42,8,"[14, 27, 8, 7, 15, 23, 12, 11]"
43,8,"[15, 14, 23, 9, 12, 12, 19, 13]"
44,7,"[25, 7, 15, 15, 24, 22, 10]"
45,7,"[25, 13, 25, 21, 6, 21, 7]"
46,8,"[22, 14, 16, 8, 17, 12, 15, 13]"
47,8,"[14, 27, 16, 11, 8, 6, 21, 14]"
48,8,"[7, 15, 19, 28, 6, 13, 18, 11]"
49,6,"[32, 13, 31, 12, 10, 21]"
50,7,"[20, 16, 13, 25, 8, 14, 22]"
51,7,"[22, 17, 23, 7, 17, 17, 14]"
52,7,"[26, 12, 18, 15, 15, 15, 17]"
53,7,"[21, 16, 14, 20, 19, 15, 13]"
54,6,"[21, 19, 15, 17, 33, 14]"
55,7,"[18, 14, 34, 7, 10, 26, 9]"
56,8,"[9, 18, 18, 9, 8, 7, 20, 28]"
57,7,"[28, 14, 16, 15, 21, 14, 10]"
58,7,"[8, 14, 20, 17, 18, 27, 12]"
59,8,"[12, 7, 21, 15, 8, 22, 22, 10]"
60,7,"[26, 18, 19, 22, 17, 8, 8]"
61,6,"[26, 23, 12, 23, 19, 16]"
62,7,"[15, 11, 27, 12, 18, 22, 13]"
63,7,"[7, 19, 21, 19, 24, 14, 14]"
1,11,"[7, 3, 6, 5, 7, 8, 8, 10, 19, 24, 17]"
2,9,"[10, 8, 9, 9, 13, 17, 18, 13, 19]"
3,9,"[6, 12, 14, 8, 14, 10, 15, 28, 9]"
4,8,"[11, 7, 15, 23, 18, 12, 16, 15]"
5,7,"[12, 17, 24, 11, 26, 16, 12]"
6,9,"[8, 12, 15, 12, 15, 14, 15, 17, 8]"
7,8,"[23, 20, 11, 14, 21, 6, 12, 10]"
8,8,"[13, 19, 14, 18, 21, 19, 8, 5]"
9,7,"[15, 19, 17, 19, 25, 17, 6]"
10,7,"[16, 22, 16, 24, 18, 17, 5]"
11,9,"[14, 28, 12, 13, 15, 8, 7, 9, 10]"
12,8,"[24, 17, 16, 17, 13, 17, 6, 7]"
13,7,"[14, 16, 15, 16, 24, 19, 14]"
14,8,"[7, 6, 24, 18, 16, 20, 18, 8]"
15,9,"[12, 13, 15, 21, 13, 10, 7, 17, 8]"
16,7,"[25, 16, 16, 21, 11, 12, 16]"
17,7,"[17, 30, 29, 8, 4, 22, 7]"
18,8,"[22, 17, 26, 10, 8, 9, 14, 11]"
19,10,"[14, 19, 7, 6, 11, 11, 16, 12, 5, 14]"
20,8,"[21, 26, 10, 9, 15, 8, 13, 15]"
21,9,"[15, 16, 15, 9, 13, 5, 23, 9, 11]"
22,8,"[22, 16, 22, 13, 17, 4, 9, 13]"
23,10,"[23, 7, 11, 14, 11, 14, 4, 8, 14, 9]"
24,8,"[17, 13, 12, 19, 17, 18, 16, 5]"
25,6,"[24, 12, 35, 18, 14, 16]"
26,6,"[25, 16, 24, 6, 29, 18]"
27,7,"[17, 16, 17, 28, 13, 18, 9]"
28,8,"[18, 14, 5, 23, 25, 8, 13, 11]"
29,8,"[14, 13, 24, 22, 7, 21, 9, 7]"
30,7,"[32, 12, 23, 15, 5, 18, 13]"
31,7,"[16, 19, 9, 19, 22, 22, 10]"
32,7,"[37, 11, 20, 19, 6, 8, 17]"
33,9,"[10, 14, 21, 17, 15, 10, 7, 9, 13]"
34,9,"[19, 18, 7, 14, 13, 13, 8, 11, 13]"
35,8,"[15, 20, 21, 14, 15, 22, 5, 5]"
36,8,"[12, 22, 19, 21, 19, 8, 11, 5]"
37,8,"[21, 16, 24, 14, 20, 4, 13, 5]"
38,9,"[19, 8, 13, 11, 19, 9, 13, 11, 13]"
39,7,"[14, 19, 31, 12, 17, 14, 11]"
40,8,"[26, 7, 13, 13, 14, 25, 12, 7]"
41,6,"[31, 22, 9, 18, 15, 24]"
42,8,"[10, 26, 22, 19, 14, 10, 7, 9]"
43,7,"[26, 18, 17, 11, 12, 16, 18]"
44,8,"[24, 11, 13, 23, 17, 7, 12, 10]"
45,7,"[19, 8, 28, 18, 19, 16, 10]"
46,8,"[18, 7, 4, 9, 19, 19, 28, 13]"
47,7,"[20, 17, 15, 16, 23, 14, 13]"
48,7,"[17, 20, 23, 11, 23, 15, 8]"
49,7,"[29, 17, 16, 22, 7, 18, 9]"
50,8,"[13, 21, 21, 10, 18, 9, 12, 13]"
51,8,"[16, 15, 9, 6, 23, 12, 21, 15]"
52,7,"[17, 17, 16, 20, 18, 18, 12]"
53,8,"[29, 8, 16, 18, 15, 8, 12, 11]"
54,7,"[11, 24, 22, 22, 15, 13, 11]"
55,6,"[24, 9, 34, 22, 14, 15]"
56,7,"[25, 11, 20, 14, 10, 31, 7]"
57,9,"[14, 21, 14, 17, 9, 13, 7, 11, 10]"
58,7,"[22, 26, 20, 9, 17, 12, 12]"
1,12,"[1, 5, 7, 10, 9, 8, 7, 11, 15, 7, 21, 12]"
2,10,"[7, 11, 12, 16, 12, 14, 19, 13, 9, 2]"
3,9,"[10, 13, 16, 11, 13, 4, 18, 17, 14]"
4,10,"[13, 15, 12, 15, 14, 15, 15, 10, 2, 4]"
5,7,"[19, 9, 21, 23, 27, 8, 11]"
6,9,"[9, 11, 19, 29, 18, 16, 5, 6, 3]"
7,8,"[13, 14, 22, 11, 12, 15, 16, 13]"
8,10,"[13, 12, 14, 9, 20, 12, 17, 4, 5, 9]"
9,12,"[6, 8, 13, 6, 21, 16, 14, 15, 6, 5, 2, 1]"
10,9,"[18, 15, 22, 9, 10, 10, 9, 6, 17]"
11,7,"[14, 18, 17, 22, 18, 16, 13]"
12,10,"[18, 12, 16, 8, 8, 15, 14, 10, 11, 3]"
13,9,"[17, 12, 11, 13, 13, 18, 15, 6, 11]"
14,10,"[17, 14, 19, 18, 6, 12, 5, 5, 10, 9]"
15,7,"[23, 15, 9, 33, 18, 11, 9]"
16,7,"[24, 19, 22, 17, 15, 8, 13]"
17,6,"[29, 19, 27, 19, 18, 7]"
18,9,"[18, 12, 19, 11, 9, 15, 9, 12, 11]"
19,8,"[20, 23, 20, 7, 16, 9, 13, 9]"
20,8,"[27, 6, 19, 12, 17, 11, 12, 13]"
21,8,"[14, 17, 11, 15, 12, 12, 14, 22]"
22,8,"[14, 8, 19, 16, 16, 17, 13, 14]"
23,9,"[19, 8, 12, 10, 14, 14, 17, 14, 8]"
24,10,"[12, 13, 16, 13, 8, 5, 18, 11, 7, 12]"
25,8,"[14, 18, 11, 13, 17, 14, 22, 8]"
26,10,"[17, 17, 9, 15, 4, 11, 12, 9, 19, 2]"
27,8,"[10, 16, 15, 19, 13, 15, 19, 10]"
28,8,"[12, 11, 20, 15, 22, 28, 6, 3]"
29,7,"[17, 12, 16, 15, 27, 12, 19]"
30,10,"[12, 16, 14, 14, 4, 10, 11, 22, 8, 4]"
31,8,"[18, 9, 15, 6, 13, 6, 20, 30]"
32,9,"[19, 11, 14, 13, 10, 13, 21, 10, 5]"
33,8,"[22, 27, 17, 9, 10, 16, 15, 1]"
34,10,"[18, 17, 13, 8, 6, 10, 9, 14, 8, 12]"
35,8,"[16, 19, 12, 14, 4, 15, 25, 12]"
36,9,"[19, 10, 11, 13, 16, 21, 11, 9, 6]"
37,7,"[20, 16, 15, 18, 8, 19, 22]"
38,6,"[18, 24, 20, 15, 18, 24]"
39,9,"[12, 9, 18, 20, 15, 11, 12, 1, 18]"
40,8,"[11, 26, 21, 14, 9, 13, 15, 8]"
41,9,"[10, 12, 15, 13, 14, 23, 4, 16, 9]"
42,9,"[13, 18, 17, 7, 11, 14, 13, 19, 4]"
43,7,"[28, 15, 16, 23, 16, 15, 5]"
44,9,"[10, 17, 11, 7, 16, 12, 21, 16, 6]"
45,9,"[17, 20, 14, 16, 12, 5, 20, 9, 3]"
46,9,"[29, 29, 7, 17, 5, 9, 13, 6, 1]"
47,7,"[10, 25, 20, 20, 20, 19, 4]"
48,9,"[18, 13, 17, 15, 9, 7, 8, 17, 12]"
49,8,"[10, 13, 15, 17, 16, 9, 26, 11]"
50,6,"[20, 30, 18, 14, 15, 21]"
51,9,"[11, 12, 16, 16, 19, 14, 5, 20, 2]"
52,7,"[19, 20, 20, 12, 13, 17, 17]"
53,7,"[20, 21, 16, 18, 12, 17, 14]"
54,7,"[7, 34, 17, 24, 5, 19, 12]"
55,8,"[14, 17, 7, 19, 11, 15, 17, 16]"
56,8,"[13, 14, 17, 14, 11, 8, 17, 23]"
57,8,"[14, 16, 12, 16, 7, 13, 17, 22]"
58,7,"[20, 13, 13, 19, 25, 19, 9]"
59,8,"[16, 16, 16, 16, 14, 19, 17, 3]"
60,7,"[11, 20, 8, 17, 22, 19, 20]"
61,8,"[12, 14, 20, 13, 8, 16, 21, 12]"
62,6,"[18, 24, 17, 10, 36, 14]"
1,11,"[5, 8, 10, 7, 8, 4, 14, 13, 14, 17, 14]"
2,10,"[9, 5, 7, 11, 14, 12, 18, 2, 25, 12]"
3,7,"[10, 21, 20, 13, 23, 24, 7]"
4,9,"[7, 12, 14, 15, 8, 16, 14, 16, 14]"
5,7,"[13, 16, 12, 18, 14, 25, 20]"
6,8,"[18, 11, 10, 11, 15, 17, 17, 18]"
7,9,"[8, 20, 14, 20, 12, 14, 16, 3, 9]"
8,8,"[8, 25, 19, 10, 15, 20, 16, 4]"
9,9,"[19, 13, 18, 13, 8, 14, 8, 17, 6]"
10,9,"[12, 17, 11, 9, 20, 15, 9, 14, 9]"
11,10,"[18, 16, 13, 16, 8, 7, 8, 12, 8, 9]"
12,5,"[22, 26, 24, 23, 25]"
13,8,"[11, 16, 17, 20, 16, 19, 13, 5]"
14,8,"[17, 23, 17, 14, 23, 9, 2, 12]"
15,8,"[19, 16, 20, 18, 14, 13, 10, 7]"
16,8,"[16, 19, 24, 21, 7, 12, 10, 8]"
17,8,"[16, 17, 19, 14, 12, 18, 8, 13]"
18,9,"[21, 18, 19, 11, 4, 16, 11, 4, 12]"
19,8,"[19, 21, 20, 12, 12, 13, 14, 6]"
20,7,"[32, 14, 15, 14, 19, 17, 7]"
21,9,"[15, 22, 14, 11, 5, 4, 18, 18, 9]"
22,9,"[18, 16, 11, 6, 11, 14, 10, 14, 16]"
23,7,"[22, 14, 8, 20, 20, 25, 9]"
24,9,"[14, 15, 18, 4, 18, 4, 19, 14, 10]"
25,6,"[23, 21, 21, 22, 16, 16]"
26,7,"[14, 17, 17, 22, 21, 12, 15]"
27,7,"[25, 17, 14, 2, 22, 25, 13]"
28,9,"[13, 22, 14, 8, 23, 17, 8, 5, 6]"
29,8,"[16, 14, 14, 22, 19, 11, 5, 16]"
30,8,"[16, 23, 11, 11, 20, 8, 20, 7]"
31,8,"[19, 18, 13, 9, 17, 14, 10, 17]"
32,7,"[19, 15, 24, 14, 13, 25, 8]"
33,7,"[17, 7, 21, 17, 26, 13, 17]"
34,8,"[3, 15, 15, 25, 21, 12, 13, 13]"
35,8,"[18, 4, 22, 11, 23, 24, 8, 7]"
36,7,"[25, 23, 16, 7, 7, 32, 8]"
37,8,"[22, 5, 18, 12, 15, 26, 14, 5]"
38,6,"[22, 17, 28, 24, 22, 6]"
39,10,"[22, 4, 15, 8, 15, 12, 13, 8, 12, 6]"
40,6,"[33, 18, 30, 26, 5, 7]"
41,8,"[11, 17, 14, 8, 22, 22, 12, 11]"
42,6,"[23, 23, 7, 19, 32, 15]"
43,8,"[14, 9, 28, 10, 6, 17, 19, 13]"
44,8,"[2, 19, 25, 15, 16, 11, 14, 15]"
45,5,"[21, 28, 25, 23, 22]"
46,6,"[18, 24, 26, 12, 16, 23]"
47,8,"[13, 14, 11, 16, 21, 17, 10, 15]"
48,8,"[11, 21, 13, 16, 21, 8, 12, 15]"
49,7,"[15, 25, 21, 14, 12, 22, 8]"
50,6,"[13, 31, 26, 17, 25, 7]"
51,9,"[11, 16, 15, 14, 12, 6, 15, 10, 16]"
52,8,"[17, 19, 15, 14, 23, 11, 12, 6]"
53,8,"[10, 25, 6, 17, 12, 28, 9, 10]"
54,5,"[17, 20, 19, 44, 19]"
55,8,"[18, 11, 21, 14, 17, 15, 11, 10]"
56,6,"[13, 27, 21, 21, 22, 15]"
57,7,"[12, 13, 19, 26, 7, 22, 19]"
58,7,"[18, 22, 22, 20, 16, 11, 9]"
59,7,"[22, 12, 5, 17, 36, 15, 10]"
60,8,"[14, 25, 18, 6, 17, 13, 16, 8]"
61,7,"[3, 25, 19, 26, 12, 20, 13]"
62,7,"[16, 21, 27, 21, 13, 12, 8]"
1,11,"[3, 11, 6, 5, 11, 9, 13, 8, 19, 17, 11]"
2,10,"[9, 10, 13, 11, 21, 16, 20, 2, 13, 0]"
3,8,"[9, 14, 11, 13, 28, 13, 10, 19]"
4,8,"[8, 19, 14, 20, 15, 16, 15, 10]"
5,8,"[11, 16, 13, 13, 9, 23, 28, 4]"
6,9,"[10, 16, 11, 15, 19, 9, 10, 23, 3]"
7,8,"[19, 8, 13, 19, 23, 14, 10, 11]"
8,9,"[7, 6, 23, 14, 13, 15, 16, 10, 12]"
9,8,"[11, 11, 13, 29, 9, 22, 13, 9]"
10,7,"[18, 12, 24, 15, 17, 18, 13]"
11,8,"[14, 15, 21, 17, 20, 15, 6, 9]"
12,8,"[11, 16, 17, 13, 17, 21, 13, 9]"
13,8,"[16, 19, 20, 19, 15, 9, 11, 8]"
14,7,"[20, 20, 23, 20, 16, 9, 10]"
15,8,"[17, 21, 29, 11, 10, 15, 9, 5]"
16,7,"[30, 27, 11, 13, 12, 10, 14]"
17,8,"[15, 20, 15, 21, 10, 9, 16, 11]"
18,9,"[22, 24, 9, 11, 9, 6, 12, 10, 13]"
19,9,"[17, 22, 7, 14, 18, 13, 10, 12, 3]"
20,8,"[24, 30, 17, 14, 9, 13, 7, 3]"
21,8,"[13, 15, 14, 12, 16, 15, 10, 22]"
22,9,"[12, 30, 17, 11, 10, 15, 9, 8, 4]"
23,10,"[14, 9, 11, 17, 12, 8, 8, 21, 13, 2]"
24,7,"[25, 13, 11, 16, 19, 13, 21]"
25,7,"[22, 13, 15, 17, 17, 13, 21]"
26,8,"[34, 11, 18, 10, 10, 13, 11, 10]"
27,7,"[15, 11, 23, 18, 17, 17, 17]"
28,8,"[14, 10, 20, 25, 14, 12, 9, 12]"
29,7,"[17, 24, 12, 21, 12, 14, 18]"
30,9,"[14, 21, 11, 9, 10, 20, 15, 13, 3]"
31,8,"[25, 23, 7, 14, 20, 18, 8, 2]"
32,9,"[13, 24, 11, 16, 12, 9, 15, 14, 2]"
33,6,"[19, 36, 27, 11, 19, 7]"
34,6,"[31, 19, 21, 14, 14, 19]"
35,7,"[19, 21, 21, 10, 22, 20, 5]"
36,9,"[14, 10, 15, 11, 17, 27, 10, 12, 0]"
37,7,"[13, 22, 13, 20, 12, 18, 19]"
38,8,"[14, 17, 25, 10, 17, 13, 14, 7]"
39,8,"[12, 31, 10, 13, 21, 7, 9, 13]"
40,9,"[25, 11, 14, 10, 14, 14, 15, 9, 4]"
41,10,"[19, 15, 10, 8, 14, 9, 10, 14, 9, 7]"
42,8,"[22, 25, 9, 7, 11, 16, 13, 13]"
43,7,"[19, 22, 18, 11, 12, 21, 14]"
44,8,"[10, 27, 16, 12, 10, 20, 9, 13]"
45,7,"[28, 17, 11, 18, 14, 19, 11]"
46,8,"[16, 9, 17, 15, 11, 12, 14, 23]"
47,9,"[11, 27, 9, 5, 6, 17, 9, 21, 10]"
48,8,"[29, 13, 16, 14, 10, 19, 13, 3]"
49,7,"[19, 22, 12, 16, 14, 16, 18]"
50,6,"[18, 28, 12, 18, 20, 23]"
51,8,"[12, 22, 25, 14, 17, 16, 8, 3]"
52,8,"[17, 13, 17, 22, 10, 9, 14, 15]"
53,8,"[18, 24, 17, 12, 9, 9, 14, 13]"
54,8,"[17, 22, 9, 18, 16, 15, 15, 5]"
55,8,"[17, 12, 17, 21, 13, 22, 9, 6]"
56,7,"[10, 14, 15, 22, 18, 16, 22]"
57,7,"[18, 25, 21, 9, 8, 21, 16]"
58,6,"[23, 11, 23, 11, 31, 19]"
59,7,"[26, 9, 20, 20, 26, 7, 10]"
60,6,"[32, 21, 21, 12, 18, 15]"
61,8,"[12, 17, 31, 8, 17, 11, 9, 11]"
62,7,"[24, 7, 13, 16, 20, 17, 20]"
1,12,"[2, 5, 4, 8, 14, 6, 7, 6, 16, 13, 18, 14]"
2,9,"[8, 12, 17, 18, 10, 18, 13, 6, 14]"
3,11,"[4, 12, 6, 10, 8, 12, 11, 10, 13, 13, 15]"
4,8,"[13, 10, 17, 19, 12, 16, 10, 20]"
5,8,"[18, 7, 14, 7, 19, 15, 29, 8]"
6,9,"[19, 12, 10, 13, 11, 16, 15, 4, 16]"
7,8,"[13, 17, 13, 12, 14, 18, 7, 23]"
8,7,"[11, 12, 22, 18, 21, 18, 16]"
9,8,"[11, 13, 19, 15, 23, 22, 11, 3]"
10,8,"[18, 15, 19, 10, 16, 24, 3, 12]"
11,7,"[9, 17, 21, 28, 15, 16, 12]"
12,9,"[13, 13, 16, 12, 3, 15, 12, 19, 13]"
13,8,"[20, 10, 18, 21, 17, 15, 5, 11]"
14,9,"[15, 15, 15, 11, 12, 14, 8, 6, 20]"
15,9,"[21, 18, 15, 9, 10, 11, 10, 14, 8]"
16,7,"[16, 19, 16, 17, 20, 14, 16]"
17,10,"[16, 14, 16, 6, 3, 11, 18, 12, 6, 12]"
18,8,"[19, 19, 22, 14, 10, 4, 13, 15]"
19,9,"[17, 18, 5, 10, 7, 15, 15, 16, 13]"
20,9,"[26, 20, 6, 8, 11, 13, 14, 13, 5]"
21,8,"[16, 11, 12, 16, 14, 16, 16, 16]"
22,8,"[28, 14, 8, 17, 20, 12, 7, 11]"
23,9,"[19, 11, 16, 4, 18, 9, 18, 6, 14]"
24,9,"[18, 10, 13, 16, 6, 15, 10, 18, 10]"
25,7,"[12, 18, 22, 22, 8, 18, 18]"
26,9,"[24, 8, 8, 12, 16, 14, 12, 13, 9]"
27,7,"[15, 22, 21, 18, 14, 16, 12]"
28,9,"[7, 17, 13, 13, 13, 15, 3, 20, 15]"
29,9,"[15, 7, 22, 17, 13, 10, 10, 15, 7]"
30,8,"[16, 16, 15, 18, 18, 12, 13, 9]"
31,7,"[19, 12, 14, 13, 26, 18, 16]"
32,8,"[9, 21, 15, 13, 23, 12, 14, 10]"
33,8,"[5, 8, 21, 13, 20, 20, 11, 19]"
34,8,"[14, 12, 3, 20, 19, 26, 9, 14]"
35,9,"[11, 19, 8, 17, 12, 8, 18, 11, 12]"
36,7,"[14, 24, 17, 13, 20, 15, 14]"
37,7,"[18, 7, 22, 20, 18, 14, 19]"
38,7,"[21, 28, 16, 4, 26, 10, 13]"
39,9,"[19, 21, 12, 9, 13, 10, 12, 15, 5]"
40,7,"[20, 12, 30, 7, 5, 24, 20]"
41,8,"[29, 18, 14, 4, 11, 15, 14, 12]"
42,7,"[16, 18, 14, 15, 20, 18, 17]"
43,7,"[14, 18, 20, 13, 17, 18, 18]"
44,8,"[16, 11, 9, 13, 21, 13, 16, 18]"
45,7,"[20, 31, 5, 17, 17, 15, 13]"
46,9,"[4, 13, 13, 15, 10, 11, 20, 16, 14]"
47,8,"[13, 16, 17, 20, 15, 14, 15, 7]"
48,9,"[16, 10, 8, 12, 9, 16, 11, 19, 14]"
49,7,"[8, 24, 16, 27, 19, 14, 10]"
50,7,"[10, 26, 21, 14, 18, 14, 15]"
51,9,"[7, 19, 18, 8, 8, 15, 9, 17, 15]"
52,6,"[11, 20, 15, 35, 13, 25]"
53,8,"[19, 20, 12, 7, 15, 12, 17, 15]"
54,8,"[8, 15, 16, 20, 15, 17, 12, 14]"
55,7,"[17, 26, 10, 18, 12, 18, 17]"
56,8,"[23, 16, 12, 22, 13, 14, 12, 5]"
57,7,"[15, 25, 19, 7, 18, 16, 18]"
58,7,"[15, 14, 18, 22, 21, 11, 17]"
59,8,"[17, 18, 14, 14, 24, 15, 11, 4]"
60,7,"[4, 24, 23, 18, 10, 22, 17]"
61,6,"[24, 29, 17, 14, 26, 9]"
62,9,"[12, 17, 13, 14, 10, 3, 19, 12, 16]"
63,8,"[15, 4, 24, 16, 11, 17, 18, 12]"
64,7,"[14, 27, 16, 17, 15, 16, 13]"
65,7,"[32, 19, 16, 11, 22, 11, 7]"
66,7,"[18, 11, 16, 15, 24, 18, 16]"
1,11,"[5, 8, 6, 7, 8, 6, 9, 15, 8, 16, 26]"
2,9,"[5, 11, 10, 8, 12, 6, 14, 27, 22]"
3,8,"[16, 9, 17, 8, 22, 27, 13, 5]"
4,9,"[8, 18, 12, 9, 25, 12, 13, 8, 11]"
5,10,"[8, 7, 6, 11, 8, 6, 26, 11, 25, 7]"
6,8,"[9, 16, 18, 15, 28, 13, 6, 12]"
7,8,"[13, 14, 28, 17, 16, 16, 7, 6]"
8,9,"[9, 11, 14, 10, 18, 24, 8, 7, 15]"
9,8,"[10, 13, 22, 15, 14, 21, 10, 12]"
10,8,"[12, 15, 16, 17, 16, 22, 8, 11]"
11,7,"[19, 19, 26, 28, 10, 7, 9]"
12,9,"[19, 25, 13, 18, 8, 7, 12, 11, 3]"
13,8,"[12, 20, 19, 21, 22, 10, 8, 5]"
14,9,"[13, 20, 18, 7, 7, 12, 15, 8, 16]"
15,7,"[23, 18, 36, 9, 15, 9, 8]"
16,7,"[8, 24, 27, 9, 5, 20, 25]"
17,9,"[16, 27, 26, 8, 8, 6, 8, 12, 4]"
18,9,"[15, 16, 24, 10, 6, 9, 11, 14, 11]"
19,8,"[25, 22, 19, 7, 6, 10, 10, 18]"
20,7,"[17, 38, 20, 15, 10, 11, 7]"
21,7,"[23, 30, 11, 15, 12, 19, 8]"
22,9,"[25, 18, 17, 14, 12, 6, 8, 9, 7]"
23,7,"[20, 35, 12, 17, 11, 11, 12]"
24,7,"[39, 11, 12, 8, 14, 18, 16]"
25,8,"[30, 24, 13, 5, 13, 16, 7, 9]"
26,9,"[24, 8, 10, 16, 8, 5, 9, 21, 15]"
27,9,"[25, 16, 7, 18, 7, 16, 6, 15, 6]"
28,8,"[25, 15, 21, 0, 9, 8, 21, 18]"
29,8,"[30, 16, 11, 14, 16, 7, 15, 8]"
30,9,"[10, 23, 23, 10, 0, 14, 18, 10, 8]"
31,8,"[18, 8, 23, 5, 23, 7, 16, 17]"
32,9,"[18, 11, 13, 7, 7, 20, 17, 17, 6]"
33,7,"[14, 20, 26, 11, 10, 9, 28]"
34,8,"[14, 15, 25, 20, 9, 7, 14, 13]"
35,9,"[15, 16, 10, 23, 5, 6, 10, 16, 15]"
36,7,"[16, 20, 11, 16, 30, 13, 12]"
37,7,"[14, 36, 20, 9, 7, 12, 20]"
38,8,"[12, 20, 30, 11, 10, 13, 15, 5]"
39,8,"[12, 30, 10, 21, 15, 11, 7, 11]"
40,7,"[19, 18, 14, 19, 26, 13, 9]"
41,8,"[14, 10, 34, 15, 10, 14, 14, 5]"
42,6,"[18, 36, 29, 12, 13, 11]"
43,9,"[13, 12, 23, 9, 9, 20, 11, 7, 12]"
44,7,"[11, 30, 21, 19, 11, 13, 12]"
45,9,"[9, 18, 4, 18, 14, 15, 15, 11, 12]"
46,10,"[23, 10, 10, 5, 15, 5, 22, 13, 9, 3]"
47,9,"[22, 15, 15, 8, 11, 14, 12, 12, 7]"
48,6,"[51, 10, 11, 16, 18, 12]"
49,6,"[20, 43, 10, 16, 20, 9]"
50,6,"[28, 22, 19, 33, 13, 4]"
51,7,"[21, 6, 41, 11, 7, 22, 10]"
52,6,"[31, 23, 17, 33, 5, 10]"
53,7,"[16, 21, 29, 22, 7, 12, 11]"
54,8,"[12, 20, 12, 12, 28, 13, 13, 7]"
55,5,"[21, 29, 27, 26, 17]"
56,7,"[24, 11, 19, 19, 18, 13, 14]"
57,8,"[8, 20, 15, 9, 23, 21, 10, 11]"
58,7,"[8, 18, 30, 5, 9, 22, 26]"
59,6,"[31, 13, 18, 18, 22, 17]"
60,8,"[26, 11, 5, 9, 15, 24, 17, 10]"
61,6,"[39, 12, 18, 10, 16, 24]"
62,7,"[25, 7, 36, 5, 16, 15, 13]"
63,5,"[18, 30, 40, 16, 16]"
64,8,"[14, 8, 10, 16, 19, 22, 13, 15]"
65,6,"[24, 41, 14, 25, 8, 6]"
66,7,"[17, 25, 14, 29, 10, 9, 14]"
67,7,"[14, 14, 20, 11, 30, 17, 11]"
68,8,"[18, 10, 15, 17, 8, 21, 11, 17]"
69,6,"[8, 26, 18, 42, 5, 19]"
